Barcode *,ItemName *,CurrentQty,ProdPurchasePrice *,ProdSellPrice*
1,T-Shirt,42,325,650
1,T-Shirt,75,325,650
1,T-Shirt,30,352.27,890
21,LEDIS PENT,67,990,1590
22,LEDIS PENT,57,1100,1690
23,LEDIS PENT,41,1100,1860
24,LEDIS PENT,17,990,1795
24,LEDIS PENT,24,1283.33,2485
40,BUIOUSE,24,1150,1790
41,BUIOUSE,20,950,1590
43,BUIOUSE M L XI,53,1150,1860
44,BLOUSE 2XL,17,1125,1790
45,BUIOUSE  3XL,18,1150,1790
45,BUIOUSE  3XL,0,1150,1790
46,BUIOUSE  4XL,19,1150,1890
45,BUIOUSE  3XL,5,1150,1790
24,LEDIS PENT,9,1125,1790
46,BUIOUSE  4XL,3,1150,1890
42,BUIOUSE,0,1150,1790
43,BUIOUSE M,18,1125,1790
50,BUIOUSE L,17,1125,1790
60,CHECK BLOUSE M,14,1100,1790
61,CHECK BLOUSE L,7,1100,1790
63,CHECK BLOUSE 2XL,8,1100,1790
64,CHECK BLOUSE 3XL,8,1250,1870
62,CHECK BLOUSE XL,8,1250,1790
65,CHECK BLOUSE 4XL,8,1250,1890
53,WHITE BLOUSE  M,0,990,1690
54,WHITE BLOUSE  L,4,990,1690
55,WHITE BLOUSE  XL,4,990,1690
56,WHITE BLOUSE  2XL,0,990,1690
57,WHITE BLOUSE  3XL,2,990,1690
58,WHITE BLOUSE  4XL,3,990,1690
150,LONG SKIRT,9,1690,2595
66,BLOUSE  LS,24,1275,1890
67,BUIOUSE  LS,31,1290,1990
68,BUIOUSE  SS,8,1275,1890
69,BUIOUSE  SS,8,990,1595
70,BUIOUSE  SS,31,990,1660
71,BUIOUSE  SS,13,1250,1860
72,BUIOUSE  SS,16,1290,1950
90,T0P WHITE,8,1750,2690
91,T0P WHITE,9,1850,2790
95,BLOUSE,0,950,1560
96,BLOUSE,1,1150,1790
97,BLOUSE,7,1250,1890
200,T SHIRT,70,390,590
201,GIRL T SHIRT,17,950,1365
4792080000000,GLOW LOVELY ADVANCED MULTI VITAMIN,12,193,220
4792080000000,GLOW LOVELY ADVANCED MULTI VITAMIN,0,336,385
4792080000000,GLOW LOVELY ADVANCED MULTI VITAMIN,0,567,650
4792080000000,AYURVEDIC,6,544,645
4792080000000,UNILEVER,9,598,685
4792080000000,UNILEVER,0,921,1055
4792080000000,UNILEVER,0,487,585
4792080000000,PEARS,11,314,360
4792080000000,PEARS COLON 100ML,7,436,500
4792080000000,BABY COLON 100ML,7,502,575
4792080000000,PONDS 100GM,4,475,530
4792080000000,PEARS BABY CREAM 100ML,3,314,360
4792080000000,PEARS BABY CREAM 100ML BEDTIME,3,323,370
4792080000000,PEARS BABY CREAM 100ML GENTLE,3,314,360
4792080000000,PEARS BABY CREAM 100ML VENIVEL,6,314,360
4792080000000,CLEAR MENTHOL SHAMPO,8,807,900
4792080000000,CLEAR MENTHOL SHAMPO,6,439,490
4792080000000,CLEAR SHAMPOO,6,421,470
4792080000000,CLEAR  SHAMPO,3,780,870
4792080000000,LUX  BODY  WASH,0,544,650
4792080000000,PEARS 50ML BABY  CREEM,5,157,180
4792080000000,HAIR BODY WASH 100ML,5,250,300
4792080000000,PEARS BABY  OIL 100 ML,2,310,365
4792080000000,BABY TALC,2,282,315
4792080000000,LEVER AYUSH,3,1040,1215
4792080000000,AYUSH FACE CREAM,6,205,235
4792080000000,PONDS  FACEWASH,9,595,670
4792080000000,LEVER AYUSH 25GM,4,410,470
4792080000000,NATURAL GLOW FACE CREAM 25GM,4,423,485
4792080000000,LOVELY AYURVEDIC CARE 25GMJ,4,575,645
4792080000000,HHANDSOME,0,487,585
4796020000000,CHITRAMALA,72,105,150
4796010000000,PITCHAMALA,71,60,100
4796020000000,SAPTHAMI,72,105,150
4792050000000,BABY GIFT,0,1147,1350
4792050000000,BABY COLON 200ML,2,756,890
4792050000000,BABY COLON 100ML,2,484,570
4792050000000,BABY COLON 50ML,3,306,360
4792050000000,BABY COLON 50ML,6,306,360
4792050000000,BABY WOSH 100ML,2,246,290
4792050000000,BABY WOSH 50ML,8,127,150
4792050000000,BABY TALC 100G,5,212,250
4792050000000,BABY LOSAN 100 ML,5,306,360
4792050000000,BABY. CREAM 100M,7,280,330
4792050000000,BABY LOSAN 100 ML,6,425,500
4792050000000,BABY COLON 100 ML MATHARS,0,425,500
4792050000000,BABY COLON 50ML,4,238,280
4792050000000,BABY CREAM 50M,12,148,175
4792050000000,BABY SHAMPOO 200M,4,416,490
4792050000000,BABY COLON 50M,1,238,280
4792050000000,BABY OIL 50M,6,221,260
4792050000000,Panda Baby Cream 100ml,6,280,330
4792050000000,BABY OIL,0,399,470
4792050000000,BABY COLON,2,425,500
4792050000000,BABY SHAMPOO 100ML,9,238,280
213,BOYS SKINY,20,450,690
214,SKYNI,9,625,995
216,SKINY,16,520,865
217,SKINY,10,650,1090
218,SKINY,11,500,880
219,BOY T SHIRT,73,475,850
220,BOY T SHIRT,28,745,1290
221,BOY T SHIRT,9,1190,1890
222,BOY T SHIRT,49,620,990
223,BOY T SHIRT,12,790,1170
224,BOY T SHIRT,8,845,1390
225,KIDS SUIT,18,520,790
226,KIDS SUIT,7,690,1175
228,KIDS SUIT,0,895,1290
229,KIDS SUIT,20,625,995
230,KIDS SUIT,22,825,1290
231,KIDS SUIT,12,525,790
232,KIDS SUIT,14,325,575
233,KIDS SUIT,11,495,950
234,KIDS SUIT,14,650,990
235,KIDS SUIT,5,875,1390
236,KIDS SUIT,0,790,1265
237,KIDS SUIT,10,990,1595
238,KIDS SUIT,8,1100,1690
239,KIDS SUIT,19,950,1490
240,KIDS SUIT,7,950,1590
241,KIDS SUIT,12,590,860
242,KIDS SUIT,18,590,880
243,KIDS SUIT,11,1390,1990
244,LADIES T. SHIRT,53,495,690
245,LADIES T. SHIRT,15,1100,1790
246,LADIES T. SHIRT,34,595,990
247,LADIES T. SHIRT,151,895,1345
248,LADIES T. SHIRT,49,950,1470
249,LADIES T. SHIRT,18,790,1260
250,LADIES T. SHIRT,10,695,990
251,LADIES T. SHIRT,11,995,1690
252,LADIES T. SHIRT,10,995,1550
253,LADIES T. SHIRT,13,890,1390
254,LADIES T. SHIRT,11,410,790
255,LADIES T. SHIRT,5,790,1290
256,LADIES T. SHIRT,10,790,1390
257,LADIES T. SHIRT,20,790,1185
258,LADIES T. SHIRT,8,750,1285
227,KIDS SUIT,2,650,1090
270,SKAT,22,1075,1780
271,SKIRT,12,950,1690
272,SKIRT,14,950,1490
273,SKIRT,99,950,1390
274,SKIRT,132,845,1295
1374,TOWEL M,87,290,475
1375,TOWEL L,87,375,595
2200,BABY  ITAM,40,490,755
1373,TOWEL M,27,280,475
2000,SKIRT,31,1350,1950
2001,SKIRT,8,850,1390
2002,SKIRT,6,1650,2390
2003,FROCK,0,1350,1990
2004,SKIRT,6,1390,1950
2005,SKIRT,4,890,1390
2006,SKIRT,8,1390,1890
2007,FROCK,38,1390,1990
2008,FROCK,9,1390,1990
2009,SKIRT,15,1390,1990
2010,T SHIRT,20,790,1290
2012,LEDIS PENT,2,1050,1695
2013,SKIRT,3,1550,2295
2014,T-SHIRT,70,300,450
2015,T-SHIRT,237,300,450
2016,FORCK,6,1350,1950
2017,SHIRT,5,1350,1950
2018,FORCK,3,1350,1950
2019,FORCK,14,1350,1995
2020,SKIRT,9,1200,1895
2021,SKAT,50,300,450
2022,SKIRT,131,390,550
2024,BLOUSE,34,330,550
2025,BLOUSE,39,890,1390
2026,SHORT,47,100,150
2027,SHORT,35,60,100
2030,DENIM,4,1390,1950
2031,DENIM,22,1790,2750
2032,FROCK,14,1390,1990
2033,BLOUSE,16,990,1665
2034,BLOUSE,25,1100,1790
2035,BLOUSE,6,1250,1850
2036,BLOUSE,12,1100,1795
2037,BLOUSE,8,1050,1775
2038,BLOUSE,21,1050,1695
2039,BLOUSE,13,1190,1890
2040,BLOUSE,4,1290,1975
2041,LADIS PENT,3,790,1190
2042,DENIM,10,1690,2690
2043,SHIRT,20,650,1175
2045,LEDIS PENT,5,550,890
2046,BLOUSE,14,1100,1790
2047,BLOUSE,19,1250,1890
2048,FROCK,6,1750,2950
2049,FROCK,2,1700,2595
2050,DENIM,9,1690,2690
2051,SHORT,17,690,1190
2052,BOY SHORT,94,490,750
2053,BOY SHORT,26,650,950
2054,BOY SHORT,9,1390,1975
2055,SHORT,5,1350,1950
2056,SHORT,9,790,1395
2057,SHORT,0,750,1295
2058,SHORT,10,1350,1975
2059,T SHIRT,52,790,1365
2060,SKINY,43,330,495
2061,SKINY,8,390,550
2011,TSHART,6,750,1290
2023,SKIRT,50,400,590
2044,PANT,8,790,1390
2179,LEDIS PENT,17,2395,3690
2179,LEDIS PENT,2,2395,3690
910,36-910,20,310,490
972,36-972,7,260,390
973,36-973,6,310,460
5253,ITEM,4,3200,5390
1070,38-1070,6,3200,5390
1074,38-1074,4,3200,5390
1067,40-1067,6,3300,5490
1071,40-1071,6,3300,5690
1075,40-1075,6,3300,5690
1068,42-1068,6,3400,5790
1072,42-1072,5,3400,5790
1076,42-1076,6,3400,5890
597,234-597,7,1175,1745
1583,999-1583,0,1170,1790
1585,999-1585,20,1120,1790
638,08 D Skirt-638,6,1775,2750
1090,22 SIL-1090,6,390,590
908,"22, 24, 26-908",20,160,260
588,234 XL-588,10,1175,1790
1091,24 SIL-1091,9,590,590
1092,26 SIL-1092,9,450,690
1135,28 DG Bra (Beige)-1135,6,600,790
1127,28 DG Bra (Black)-1127,5,650,790
1119,28 DG Bra (White)-1119,4,590,790
1093,28 SIL-1093,5,500,750
909,"28, 34-909",31,220,390
1136,30 DG Bra (Beige)-1136,6,600,790
1128,30 DG Bra (Black)-1128,5,650,790
1120,30 DG Bra (White)-1120,3,590,790
1094,30 SIL-1094,7,500,750
1137,32 DG Bra (Beige)-1137,7,600,790
1129,32 DG Bra (Black)-1129,10,650,790
1121,32 DG Bra (White)-1121,5,590,790
1095,32 SIL-1095,7,550,890
1138,34 DG Bra (Beige)-1138,14,700,890
1130,34 DG Bra (Black)-1130,17,650,790
1122,34 DG Bra (White)-1122,32,700,890
1096,34 SIL-1096,9,550,890
1139,36 DG Bra (Beige)-1139,0,750,890
1140,38 DG Bra (Beige)-1140,3,730,890
1132,38 DG Bra (Black)-1132,6,700,890
1124,38 DG Bra (White)-1124,6,700,890
1097,38 SIL-1097,10,650,990
482,"38, 40, 42,44,-482",54,1800,2890
1603,4 x 6 Met-1603,9,640,990
1141,40 DG Bra (Beige)-1141,4,730,890
1133,40 DG Bra (Black)-1133,3,700,890
1125,40 DG Bra (White)-1125,3,700,890
1062,40 Focus-1062,5,2690,4490
1098,40 SIL-1098,10,690,1190
479,40 TS-479,9,1950,2860
480,41 TS-480,17,1350,1950
1142,42 DG Bra (Beige)-1142,9,730,890
1134,42 DG Bra (Black)-1134,2,700,890
1126,42 DG Bra (White)-1126,8,700,890
1063,42 Focus-1063,3,2790,4690
1099,42 SIL-1099,6,690,1190
1064,44 Focus-1064,6,2890,4890
594,456 XL-594,15,1225,1890
1112,50 Boy's West-1112,8,330,450
1113,50 Boy's West-1113,10,330,490
1114,55 Boy's West-1114,10,310,450
1115,55 Boy's West-1115,10,330,490
1116,65 Boy's West-1116,4,390,590
1117,70 Boy's West-1117,9,360,490
1118,70 Boy's West-1118,10,500,690
1079,75 DJ White-1079,8,600,790
1080,80 DJ White-1080,12,700,890
1084,80 DJ White-1084,7,700,790
1087,80 DJ White-1087,12,600,790
1081,85 DJ White-1081,14,700,890
1085,85 DJ White-1085,8,600,790
1082,90 DJ White-1082,6,700,890
1086,90 DJ White-1086,3,700,890
1088,90 DJ White-1088,8,700,890
1083,95 DJ White-1083,9,800,990
1089,95 DJ White-1089,3,700,890
388,B. Denium-388,88,1700,2690
389,B. Denium-389,37,1700,2690
587,"B. M/L, XL-587",14,1175,1790
451,B.T.-451,16,1050,1690
589,B.U.-589,10,1425,2245
603,Baby Frock-603,10,850,1395
560,Baby Item-560,4,250,390
577,Baby Item-577,45,1195,1790
578,Baby Item-578,11,1175,1890
579,Baby Item-579,9,1195,1890
580,Baby Item-580,7,1195,1790
581,Baby Item-581,13,1195,1890
582,Baby Item-582,15,1175,1790
583,Baby Item-583,19,675,1190
584,Baby Item-584,20,725,1290
553,Baby Panal-553,15,390,590
849,Baby Set-849,5,990,1590
566,Baby Short-566,1,460,695
731,Baby Suit-731,3,790,1290
732,Baby Suit-732,4,790,1290
733,Baby Suit-733,5,790,1290
734,Baby Suit-734,6,890,1490
735,Baby Suit-735,6,745,1295
736,Baby Suit-736,4,990,1595
737,Baby Suit-737,3,990,1595
738,Baby Suit-738,6,990,1595
739,Baby Suit-739,6,990,1595
740,Baby Suit-740,5,1390,1990
741,Baby Suit-741,2,1150,1790
742,Baby Suit-742,2,1250,1950
743,Baby Suit-743,6,1990,2895
840,Bag-840,2,275,490
841,Bag-841,4,240,460
845,Bag-845,4,950,1590
846,Bag-846,1,650,990
847,Bag-847,2,1150,1790
1213,Bag-1213,4,575,950
1214,Bag-1214,4,575,950
1221,Bag-1221,10,850,1390
1222,Bag-1222,3,900,1590
1223,Bag-1223,4,950,1590
1224,Bag-1224,4,1250,1890
1225,Bag-1225,4,1600,2590
1226,Bag-1226,1,1500,2395
1227,Bag-1227,2,1500,2395
1228,Bag-1228,3,1350,1190
1229,Bag-1229,3,1250,1950
1230,Bag-1230,1,1250,1890
1231,Bag-1231,0,1500,2490
1232,Bag-1232,3,1250,1890
1233,Bag-1233,5,1250,1895
1234,Bag-1234,0,1250,1890
1463,Bag-1463,3,1100,1790
1464,Bag-1464,3,895,1390
1465,Bag-1465,4,1250,1890
1466,Bag-1466,0,790,1290
1467,Bag-1467,1,1950,2990
1495,Bag-1495,4,175,250
1496,Bag-1496,3,625,975
1497,Bag-1497,3,625,1290
1498,Bag-1498,3,550,890
1499,Bag-1499,2,2500,3890
1500,Bag-1500,3,1950,2990
1501,Bag-1501,2,1450,2690
1573,Bag-1573,3,950,1490
558,Bag Baby-558,3,920,1580
559,Bag Baby-559,4,720,1365
1552,Band-1552,31,175,370
1553,Band-1553,50,75,180
1360,Batchit-1360,9,1950,2995
851,Bath Towel-851,5,670,985
1365,Bathik-1365,95,775,1250
1366,Bathik-1366,112,840,1285
1038,Bathik Frock-1038,10,1850,2895
1039,Bathik Frock-1039,6,1790,2795
1040,Bathik Frock-1040,4,1750,2750
768,Bathik Lungi-768,6,1395,2295
1363,Bathik ST Boy-1363,29,425,695
1354,Bed Jacket L-1354,18,230,390
1353,Bed Jacket M-1353,18,220,390
1356,Bed Jacket XXL-1356,18,250,490
1355,Bed JacketXL-1355,21,240,460
759,BedSheet-759,6,1950,2950
760,BedSheet-760,46,225,350
1174,Beige  Black 30-1174,6,650,790
1170,Beige 28-1170,5,650,790
1171,Beige 30-1171,6,650,790
1172,Beige 32-1172,5,650,790
1173,Beige Black 28-1173,4,650,790
1568,Belt-1568,67,240,460
1570,Belt-1570,59,310,570
1571,Belt-1571,10,420,670
1572,Belt-1572,6,850,1390
1574,Belt-1574,5,450,790
1575,Belt-1575,33,525,880
1576,Belt-1576,24,525,865
1577,Belt-1577,18,720,1190
1578,Belt-1578,30,790,1260
1579,Belt-1579,10,950,1690
1580,Belt-1580,5,1190,1790
1581,Belt-1581,18,1250,189
1529,Bent-1529,12,150,295
1026,Bi-1026,5,990,1690
557,Blancket-557,7,390,595
843,Blancket-843,5,580,890
673,Blouse-673,28,1125,1790
674,Blouse-674,13,1195,1860
675,Blouse-675,10,1275,1950
677,Blouse-677,8,1195,1790
750,Blouse-750,7,1295,1890
752,Blouse-752,10,790,1350
753,Blouse-753,8,790,1260
771,Blouse-771,8,950,1690
872,Blouse-872,31,790,1260
1001,Blouse-1001,14,1050,1765
1002,Blouse-1002,39,1250,1875
1003,Blouse-1003,16,950,1590
1004,Blouse-1004,11,890,1390
1005,Blouse-1005,32,890,1350
1006,Blouse-1006,5,890,1390
1007,Blouse-1007,9,1150,1790
1052,Blouse-1052,11,1150,1790
1053,Blouse-1053,32,1050,1690
1604,Blouse-1604,6,935,1490
1605,Blouse-1605,8,1025,1690
1606,Blouse-1606,9,725,1240
1608,Blouse-1608,13,895,1390
1609,Blouse-1609,0,890,1390
600,Blouse 234 XL-600,10,1195,1845
644,Blouse 4XL-644,4,1275,1895
656,Blouse Long-656,11,1050,1690
591,Blouses-591,20,1250,1860
1534,Bool-1534,151,85,180
1535,Bool-1535,9,60,120
1536,Bool-1536,10,50,100
1537,Bool-1537,20,150,330
1538,Bool-1538,8,150,330
1549,Bool-1549,21,100,220
1550,Bool-1550,198,25,50
1551,Bool-1551,8,80,200
1364,Border Cheeththa-1364,59,600,945
1180,Bottle-1180,2,750,1290
1181,Bottle-1181,2,750,1290
1182,Bottle-1182,0,750,1290
1183,Bottle-1183,3,575,950
1184,Bottle-1184,4,650,1190
1185,Bottle-1185,4,400,790
1186,Bottle-1186,3,375,590
1187,Bottle-1187,0,750,1390
1188,Bottle-1188,1,700,1290
1189,Bottle-1189,2,750,1290
1190,Bottle-1190,3,825,1390
1215,Bottle-1215,2,0,490
