no,code,Barcode,category,item_name,cost_price_qty,purchase_price,Selling_price,qty,stock,dis_limit
26,1028,1028,Hair care,Hair Pins Swiss Card,50.00 - 100.00 - 0.000,50.00 , 100.00 , 0.000,0,50
27,1029,1029,Hair care,Hair Pins 8pis,15.00 - 30.00 - 0.000,15.00 , 30.00 , 0.000,0,20
28,1030,1030,Hair care,Hair Grips L,30.00 - 60.00 - 0.000,30.00 , 60.00 , 0.000,0,10
29,1031,1031,Hair care,Hair Grips S,25.00 - 50.00 - 0.000,25.00 , 50.00 , 0.000,0,0
30,1032,1032,Hair care,Hair Pins Pyramid,13.00 - 25.00 - 0.000,13.00 , 25.00 , 0.000,0,25
50,1052,1052,Hair care,Hair Loss Control K/ Shampoo 250ml,700.00 - 750.00 - 0.000,700.00 , 750.00 , 0.000,0,700
93,1096,1096,Hair care,Appale Wax 150ml,700.00 - 785.00 - 0.000,700.00 , 785.00 , 0.000,0,735
94,1097,1097,Hair care,Strawberry Wax 150ml ( Gsf,700.00 - 785.00 - 0.000,700.00 , 785.00 , 0.000,0,735
136,1141,1141,Hair care,Dreameron King Coconut,600.00 - 650.00 - 0.000,600.00 , 650.00 , 0.000,0,600
186,1193,1193,Hair care,Pathima Kesha Wardani,280.00 - 300.00 - 0.000,280.00 , 300.00 , 0.000,0,250
187,1195,1195,Hair care,Pathima Kesha Wardani,130.00 - 150.00 - 0.000,130.00 , 150.00 , 0.000,0,100
194,1202,1202,Hair care,Kumarika Save Pack Hair Oil,500.00 - 550.00 - 0.000,500.00 , 550.00 , 0.000,0,500
206,1214,1214,Hair care,Olive Oil 50ml,250.00 - 300.00 - 0.000,250.00 , 300.00 , 0.000,0,250
745,1237,1237,Skin care,Carotone whitening,750.00 - 1150.00 - 0.000,750.00 , 1150.00 , 0.000,0,1100
750,1242,1242,Skin care,Greea Tea Lipstick,90.00 - 225.00 - 0.000,90.00 , 225.00 , 0.000,0,175
751,1244,1244,Skin care,Lip Smacker,80.00 - 185.00 - 5.000,80.00 , 185.00 , 5.000,5,120
752,1245,1245,Skin care,Vc Dreamy Lipstick,100.00 - 225.00 - 11.000,100.00 , 225.00 , 11.000,11,175
756,1249,1249,Skin care,Himalaya Neem Face Wash,800.00 - 865.00 - 0.000,800.00 , 865.00 , 0.000,0,815
760,1253,1253,Skin care,Gluta White G/c Face Wash,1600.00 - 1690.00 - 0.000,1600.00 , 1690.00 , 0.000,0,1640
764,1257,1257,Skin care,Hudabeauty L-Pencil 3g,200.00 - 395.00 - 0.000,200.00 , 395.00 , 0.000,0,345
765,1258,1258,Skin care,Pencil (M),50.00 - 100.00 - 0.000,50.00 , 100.00 , 0.000,0,50
766,1259,1259,Skin care,Lup-Eye Liner Pencil,80.00 - 165.00 - 0.000,80.00 , 165.00 , 0.000,0,115
769,1262,1262,Skin care,Dulhan EyeLiner,150.00 - 365.00 - 0.000,150.00 , 365.00 , 0.000,0,315
770,1263,1263,Skin care,M/R Matte BatomStick,250.00 - 585.00 - 1.000,250.00 , 585.00 , 1.000,1,435
771,1264,1264,Skin care,H/B LipStick,250.00 - 585.00 - 0.000,250.00 , 585.00 , 0.000,0,535
2005,1265,1265,Makeup,Kryolan Foundation Ivory,900.00 - 2390.00 - 3.000,900.00 , 2390.00 , 3.000,3,1400
772,1267,1267,Skin care,Eyetex,25.00 - 50.00 - 0.000,25.00 , 50.00 , 0.000,0,0
773,1268,1268,Skin care,Charle Powdwr (D),150.00 - 150.00 - 0.000,150.00 , 150.00 , 0.000,0,100
774,1269,1269,Skin care,Charle Powdwr,200.00 - 495.00 - 10.000,200.00 , 495.00 , 10.000,10,380
775,1270,1270,Skin care,Janet Powder-N-Blush,1410.00 - 1650.00 - 0.000,1410.00 , 1650.00 , 0.000,0,1600
776,1271,1271,Skin care,Janet Pancake,1100.00 - 1495.00 - 0.000,1100.00 , 1495.00 , 0.000,0,1250
778,1273,1273,Skin care,Janet Foundation,600.00 - 750.00 - 0.000,600.00 , 750.00 , 0.000,0,700
779,1274,1274,Skin care,"Karite Foundation 1,2,3,4",250.00 - 590.00 - 8.000,250.00 , 590.00 , 8.000,8,400
229,1285,1285,Hair care,Hair Pins Black,10.00 - 20.00 - 5.000,10.00 , 20.00 , 5.000,5,20
790,1286,1286,Skin care,Rose Water 200ml,110.00 - 200.00 - 5.000,110.00 , 200.00 , 5.000,5,200
791,1287,1287,Skin care,Rose Water 100ml,80.00 - 150.00 - 1.000,80.00 , 150.00 , 1.000,1,150
792,1288,1288,Skin care,Rathi Kumkum,25.00 - 50.00 - 17.000,25.00 , 50.00 , 17.000,17,50
793,1289,1289,Skin care,Rathi Kumkum Paste,25.00 - 60.00 - 30.000,25.00 , 60.00 , 30.000,30,50
794,1290,1290,Skin care,Topaz Kumkum,70.00 - 132.00 - 0.000,70.00 , 132.00 , 0.000,0,82
795,1291,1291,Skin care,Shingar Kumkum,100.00 - 225.00 - 0.000,100.00 , 225.00 , 0.000,0,175
796,1292,1292,Skin care,Fair & Lovely Instant Glow,550.00 - 575.00 - 0.000,550.00 , 575.00 , 0.000,0,525
842,1339,1339,Skin care,D.R Rashel 24K Gold,1900.00 - 1990.00 - 1.000,1900.00 , 1990.00 , 1.000,1,1500
859,1356,1356,Skin care,S.T Dalfour Gold,1100.00 - 1150.00 - 0.000,1100.00 , 1150.00 , 0.000,0,1100
860,1357,1357,Skin care,Fresh & White Beauty,1000.00 - 1100.00 - -2.000,1000.00 , 1100.00 , -2.000,-2,1050
231,1358,1358,Hair care,Goree Beauty Cream,700.00 - 1250.00 - 17.000,700.00 , 1250.00 , 17.000,17,1000
876,1375,1375,Skin care,Roushun Aloe Soothing Gel,800.00 - 865.00 - 0.000,800.00 , 865.00 , 0.000,0,815
886,1385,1385,Skin care,AHA Body Serum 30ml,300.00 - 625.00 - 12.000,300.00 , 625.00 , 12.000,12,500
892,1391,1391,Skin care,Roushun V/C Soothing Gel,250.00 - 595.00 - 0.000,250.00 , 595.00 , 0.000,0,545
894,1393,1393,Skin care,Goree N/T Cream,600.00 - 1285.00 - 0.000,600.00 , 1285.00 , 0.000,0,1235
901,1403,1403,Skin care,Alqamar Cone Hena Paste,200.00 - 225.00 - 0.000,200.00 , 225.00 , 0.000,0,175
1099,1604,1604,Skin care,Ruveda Herbal Beauty,200.00 - 220.00 - 0.000,200.00 , 220.00 , 0.000,0,170
1127,1632,1632,Skin care,A&Y Nail Polish Remover,150.00 - 220.00 - 0.000,150.00 , 220.00 , 0.000,0,220
1701,1652,1652,Fragrance,Blue baby 22ml perfume,250.00 - 495.00 - 3.000,250.00 , 495.00 , 3.000,3,400
1702,1653,1653,Fragrance,Deep Enegy Perfume 22ml,250.00 - 495.00 - 4.000,250.00 , 495.00 , 4.000,4,400
1703,1654,1654,Fragrance,Beirut,250.00 - 525.00 - 0.000,250.00 , 525.00 , 0.000,0,475
1710,1661,1661,Fragrance,Denish Perfume 22ml,250.00 - 495.00 - 14.000,250.00 , 495.00 , 14.000,14,400
1742,1693,1693,Fragrance,Hp Perfum 50ml,500.00 - 1150.00 - 0.000,500.00 , 1150.00 , 0.000,0,1100
1748,1699,1699,Fragrance,Blue Hat Parfum 100ml,1000.00 - 1890.00 - 0.000,1000.00 , 1890.00 , 0.000,0,1840
1754,1705,1705,Fragrance,Property Parfume 100ml,1000.00 - 1890.00 - 0.000,1000.00 , 1890.00 , 0.000,0,1840
1760,1711,1711,Fragrance,(Al-Arsh) Atthar 6ml,200.00 - 425.00 - 0.000,200.00 , 425.00 , 0.000,0,375
1761,1712,1712,Fragrance,DoveS Attar 6ml,160.00 - 425.00 - 0.000,160.00 , 425.00 , 0.000,0,320
1765,1716,1716,Fragrance,DoveS Attar 3ml,100.00 - 265.00 - 0.000,100.00 , 265.00 , 0.000,0,215
1807,1758,1758,Fragrance,Talc (S),50.00 - 100.00 - 0.000,50.00 , 100.00 , 0.000,0,50
1979,1760,1760,Salon,SAFETY Pins (L) nor,10.00 - 20.00 - 0.000,10.00 , 20.00 , 0.000,0,30
1980,1761,1761,Salon,SAFETY Pins (L),15.00 - 30.00 - 0.000,15.00 , 30.00 , 0.000,0,20
1982,1763,1763,Salon,Nail Polish Remover star,130.00 - 220.00 - 2.000,130.00 , 220.00 , 2.000,2,220
1983,1764,1764,Salon,Nail Polish Remover star,85.00 - 150.00 - 0.000,85.00 , 150.00 , 0.000,0,100
1987,1768,1768,Salon,Nail Polish TopLady 25ml,200.00 - 460.00 - 0.000,200.00 , 460.00 , 0.000,0,410
1988,1769,1769,Salon,Nail Polish 18ml,200.00 - 465.00 - 0.000,200.00 , 465.00 , 0.000,0,415
1989,1770,1770,Salon,Nail Polish 8ml,100.00 - 235.00 - 36.000,100.00 , 235.00 , 36.000,36,175
1990,1771,1771,Salon,Sun Safety Pins,15.00 - 30.00 - 0.000,15.00 , 30.00 , 0.000,0,20
1991,1772,1772,Salon,Liquid Eyeliner,150.00 - 365.00 - 0.000,150.00 , 365.00 , 0.000,0,315
2111,1773,1773,Jewlery,Gold Ring With Box Gents,400.00 - 895.00 - 0.000,400.00 , 895.00 , 0.000,0,845
2112,1774,1774,Jewlery,Gold Ring With Stone,250.00 - 595.00 - 0.000,250.00 , 595.00 , 0.000,0,545
2113,1775,1775,Jewlery,Gold Ring Ladies,70.00 - 165.00 - 0.000,70.00 , 165.00 , 0.000,0,115
2114,1776,1776,Jewlery,Gold Ring Ladies 22,150.00 - 395.00 - 0.000,150.00 , 395.00 , 0.000,0,345
2115,1777,1777,Jewlery,Gold Ring Ladies 23,250.00 - 595.00 - 0.000,250.00 , 595.00 , 0.000,0,545
2116,1778,1778,Jewlery,Gold Ring Ladies 24,400.00 - 895.00 - 0.000,400.00 , 895.00 , 0.000,0,845
2117,1779,1779,Jewlery,Gold Ring Ladies 26,100.00 - 245.00 - 0.000,100.00 , 245.00 , 0.000,0,195
2118,1780,1780,Jewlery,Ring Stainless Steel,100.00 - 285.00 - 0.000,100.00 , 285.00 , 0.000,0,235
2119,1781,1781,Jewlery,Rings Jents,100.00 - 265.00 - 0.000,100.00 , 265.00 , 0.000,0,215
2120,1782,1782,Jewlery,Couple Rings 1E,70.00 - 245.00 - 0.000,70.00 , 245.00 , 0.000,0,195
2121,1783,1783,Jewlery,Rings Jents Gold,250.00 - 595.00 - 0.000,250.00 , 595.00 , 0.000,0,545
2122,1784,1784,Jewlery,Gold Ring With Stone Jents,450.00 - 995.00 - 0.000,450.00 , 995.00 , 0.000,0,945
2123,1785,1785,Jewlery,"Gold Ring With Stone Jents,",300.00 - 795.00 - 0.000,300.00 , 795.00 , 0.000,0,745
2124,1786,1786,Jewlery,Ear Rings Gold Tuzzl 01,450.00 - 895.00 - 0.000,450.00 , 895.00 , 0.000,0,845
2125,1787,1787,Jewlery,Ear Rings Gold Tuzzl 02,200.00 - 595.00 - 0.000,200.00 , 595.00 , 0.000,0,545
2126,1788,1788,Jewlery,Ear Rings Gold Stone,270.00 - 695.00 - 0.000,270.00 , 695.00 , 0.000,0,645
2127,1789,1789,Jewlery,Ear Rings Gold,60.00 - 165.00 - 0.000,60.00 , 165.00 , 0.000,0,115
2128,1790,1790,Jewlery,Ear Rings Gold N.F.A,60.00 - 165.00 - 0.000,60.00 , 165.00 , 0.000,0,115
2129,1791,1791,Jewlery,Ear Rings Gold Stones 39,80.00 - 225.00 - 0.000,80.00 , 225.00 , 0.000,0,175
2130,1792,1792,Jewlery,Ear Rings Gold 40,30.00 - 100.00 - 0.000,30.00 , 100.00 , 0.000,0,50
2131,1793,1793,Jewlery,Gold Bangles 6pcs,280.00 - 595.00 - 0.000,280.00 , 595.00 , 0.000,0,545
2132,1794,1794,Jewlery,Sapana Gold Bangles 2pcs,160.00 - 365.00 - 0.000,160.00 , 365.00 , 0.000,0,315
2133,1795,1795,Jewlery,Gold Bangles 12pcs,560.00 - 1195.00 - 0.000,560.00 , 1195.00 , 0.000,0,1145
2134,1796,1796,Jewlery,Gold Bangles 12pcs.,450.00 - 995.00 - 0.000,450.00 , 995.00 , 0.000,0,945
2135,1797,1797,Jewlery,Mexico Gold Bangles 2pcs,250.00 - 595.00 - 0.000,250.00 , 595.00 , 0.000,0,545
2136,1798,1798,Jewlery,Mexico Gold Bangles 2pcs L,400.00 - 895.00 - 0.000,400.00 , 895.00 , 0.000,0,845
2137,1799,1799,Jewlery,"Gold Bangles,",600.00 - 1390.00 - 0.000,600.00 , 1390.00 , 0.000,0,1340
2138,1800,1800,Jewlery,Gold Bangles With Stone,700.00 - 1690.00 - 0.000,700.00 , 1690.00 , 0.000,0,1640
2139,1801,1801,Jewlery,Gold Bangles With Stone.,650.00 - 1590.00 - 0.000,650.00 , 1590.00 , 0.000,0,1540
2140,1802,1802,Jewlery,Gold Bangles 2pce,500.00 - 8950.00 - 0.000,500.00 , 8950.00 , 0.000,0,8900
2141,1803,1803,Jewlery,Gold Bangles 2pce.,150.00 - 3950.00 - 0.000,150.00 , 3950.00 , 0.000,0,3900
2142,1804,1804,Jewlery,"Gold Bangles 2pce,",200.00 - 4950.00 - 0.000,200.00 , 4950.00 , 0.000,0,4900
2441,1805,1805,Lovers,Nose Stud Mini,20.00 - 100.00 - 0.000,20.00 , 100.00 , 0.000,0,50
2442,1806,1806,Lovers,Nose Stud Min,30.00 - 125.00 - 0.000,30.00 , 125.00 , 0.000,0,75
2443,1807,1807,Lovers,Nose Stud SSLV,50.00 - 165.00 - 0.000,50.00 , 165.00 , 0.000,0,115
2444,1808,1808,Lovers,Nose Stud,50.00 - 165.00 - 0.000,50.00 , 165.00 , 0.000,0,115
2445,1809,1809,Lovers,Nose Stud Surgical,30.00 - 115.00 - 0.000,30.00 , 115.00 , 0.000,0,65
2446,1810,1810,Lovers,Ear Ring Jents (01),50.00 - 165.00 - 0.000,50.00 , 165.00 , 0.000,0,115
2447,1811,1811,Lovers,Ear Ring Jents (02),110.00 - 225.00 - 0.000,110.00 , 225.00 , 0.000,0,175
2448,1812,1812,Lovers,Ear Ring Jents (03),70.00 - 165.00 - 0.000,70.00 , 165.00 , 0.000,0,115
2449,1813,1813,Lovers,Ear Ring Jents Black,50.00 - 115.00 - 0.000,50.00 , 115.00 , 0.000,0,65
2450,1814,1814,Lovers,Ear Ring Jents 04,50.00 - 145.00 - 0.000,50.00 , 145.00 , 0.000,0,95
2451,1815,1815,Lovers,Ear Ring Jents 06,50.00 - 100.00 - 0.000,50.00 , 100.00 , 0.000,0,50
2452,1816,1816,Lovers,Ear Ring Jents 07,40.00 - 135.00 - 0.000,40.00 , 135.00 , 0.000,0,85
2453,1817,1817,Lovers,Ear Ring Classic,30.00 - 80.00 - 0.000,30.00 , 80.00 , 0.000,0,30
2454,1818,1818,Lovers,Ear Ring Siwar,30.00 - 120.00 - 0.000,30.00 , 120.00 , 0.000,0,70
2455,1819,1819,Lovers,Ear Rings,15.00 - 60.00 - 0.000,15.00 , 60.00 , 0.000,0,10
2456,1820,1820,Lovers,Ear Rings F,30.00 - 110.00 - 0.000,30.00 , 110.00 , 0.000,0,60
2457,1821,1821,Lovers,Ear Rings S,30.00 - 135.00 - 0.000,30.00 , 135.00 , 0.000,0,85
2458,1822,1822,Lovers,Ear Rings P/F,25.00 - 100.00 - 0.000,25.00 , 100.00 , 0.000,0,50
2459,1823,1823,Lovers,Black Bangles,25.00 - 60.00 - 0.000,25.00 , 60.00 , 0.000,0,10
2460,1824,1824,Lovers,Black Bangles H,40.00 - 80.00 - 0.000,40.00 , 80.00 , 0.000,0,30
2006,1825,1825,Makeup,Mac Eyelash,70.00 - 165.00 - 18.000,70.00 , 165.00 , 18.000,18,100
2463,1828,1828,Lovers,Bangles Color,50.00 - 135.00 - 0.000,50.00 , 135.00 , 0.000,0,85
2464,1829,1829,Lovers,Bangles Steel,120.00 - 285.00 - 0.000,120.00 , 285.00 , 0.000,0,235
2465,1830,1830,Lovers,Jents Banjles,110.00 - 265.00 - 0.000,110.00 , 265.00 , 0.000,0,215
3248,1831,1831,Art,ALM Attar 6ml,260.00 - 495.00 - 0.000,260.00 , 495.00 , 0.000,0,445
1809,1838,1838,Fragrance,Super X Bond 22ml ( Oms ),450.00 - 545.00 - 0.000,450.00 , 545.00 , 0.000,0,1100
3593,1849,1849,Ladies &,DZH G-Sport Watch,800.00 - 1890.00 - 2.000,800.00 , 1890.00 , 2.000,2,1300
3597,1854,1854,Ladies &,Digital G-Shock L/M Watch,1200.00 - 2690.00 - 3.000,1200.00 , 2690.00 , 3.000,3,1700
3786,4895,1855,Ladies &,Sport LED Watch,650.00 - 1490.00 - 1.000,650.00 , 1490.00 , 1.000,1,1000
1822,1859,1859,Fragrance,Hp 9999 Perfume 50ml (,1000.00 - 1150.00 - 0.000,1000.00 , 1150.00 , 0.000,0,1100
1825,1862,1862,Fragrance,Hp Boss Gold 50ml ( Fmfs ),1000.00 - 1150.00 - 0.000,1000.00 , 1150.00 , 0.000,0,1100
1828,1865,1865,Fragrance,Hp Musk Perfume 50ml,1000.00 - 1150.00 - 0.000,1000.00 , 1150.00 , 0.000,0,1100
1830,1867,1867,Fragrance,Hp Super Doller Perfume,1000.00 - 1150.00 - 0.000,1000.00 , 1150.00 , 0.000,0,1100
3598,1872,1872,Ladies &,Aveo Quartz Ladies Watch,1000.00 - 2395.00 - 2.000,1000.00 , 2395.00 , 2.000,2,1500
3599,1873,1873,Ladies &,Orix Ston Ladies Watch,800.00 - 1985.00 - 1.000,800.00 , 1985.00 , 1.000,1,1300
3600,1874,1874,Ladies &,Platinum Stone Ladies,800.00 - 1985.00 - 1.000,800.00 , 1985.00 , 1.000,1,1400
3601,1875,1875,Ladies &,Yaky Stone Ladies Watch,500.00 - 1295.00 - 0.000,500.00 , 1295.00 , 0.000,0,195
3602,1876,1876,Ladies &,Hongrui Quartz Stone,700.00 - 1395.00 - 0.000,700.00 , 1395.00 , 0.000,0,195
3603,1877,1877,Ladies &,Citizen Gold Chain L/Watch,2100.00 - 3795.00 - 1.000,2100.00 , 3795.00 , 1.000,1,3000
3604,1878,1878,Ladies &,Citizen Gold Ladies Watch,2350.00 - 3985.00 - 1.000,2350.00 , 3985.00 , 1.000,1,3000
3605,1879,1879,Ladies &,Renos Quartz Ladies Watch,700.00 - 1650.00 - 0.000,700.00 , 1650.00 , 0.000,0,1250
3606,1880,1880,Ladies &,Citizen Silver Ladies Watch,2100.00 - 3795.00 - 2.000,2100.00 , 3795.00 , 2.000,2,3000
3607,1881,1881,Ladies &,CK Gold Ladies Watch,540.00 - 1495.00 - 0.000,540.00 , 1495.00 , 0.000,0,195
3608,1882,1882,Ladies &,Rolex Stone Ladies Watch,700.00 - 1795.00 - 0.000,700.00 , 1795.00 , 0.000,0,245
3610,1884,1884,Ladies &,Orix Gold Stone L/Watch,900.00 - 2495.00 - 2.000,900.00 , 2495.00 , 2.000,2,1500
3612,1886,1886,Ladies &,Barasti 8905 Ladies Watch,1400.00 - 2795.00 - 0.000,1400.00 , 2795.00 , 0.000,0,195
3614,1888,1888,Ladies &,Orix Quartz Gold L/Watch,950.00 - 2695.00 - 2.000,950.00 , 2695.00 , 2.000,2,1450
3963,1890,1890,Watch &,Orix Stone Gold L/Watch,800.00 - 1985.00 - 1.000,800.00 , 1985.00 , 1.000,1,1400
3616,1891,1891,Ladies &,Skmei Silver Ladies Watch,600.00 - 1395.00 - 1.000,600.00 , 1395.00 , 1.000,1,900
3618,1893,1893,Ladies &,Orix Quartz 2In1 Gold,900.00 - 2495.00 - 0.000,900.00 , 2495.00 , 0.000,0,1400
3964,1895,1895,Watch &,G8 Mini R/Gold S/Watch,4350.00 - 6390.00 - 1.000,4350.00 , 6390.00 , 1.000,1,5000
3620,1896,1896,Ladies &,Oulijia Belt Ladies Watch,420.00 - 1150.00 - 0.000,420.00 , 1150.00 , 0.000,0,100
3622,1898,1898,Ladies &,Movado Belt Ladies Watch,350.00 - 895.00 - 0.000,350.00 , 895.00 , 0.000,0,95
3624,1900,1900,Ladies &,Q&Q Quartz Ladies Watch,320.00 - 795.00 - 4.000,320.00 , 795.00 , 4.000,4,500
3625,1901,1901,Ladies &,Jinju Belt Ladies Watch,400.00 - 985.00 - 0.000,400.00 , 985.00 , 0.000,0,85
3627,1903,1903,Ladies &,Oulijia Quartz Nurse Ladies,400.00 - 895.00 - 4.000,400.00 , 895.00 , 4.000,4,600
3626,1904,1904,Ladies &,Orix Belt Ladies Watch,350.00 - 795.00 - 1.000,350.00 , 795.00 , 1.000,1,550
3628,1905,1905,Ladies &,Peng Ba Ladies Watch,350.00 - 895.00 - 0.000,350.00 , 895.00 , 0.000,0,95
3629,1906,1906,Ladies &,Fhulun Quartz Ladies Watch,420.00 - 985.00 - 0.000,420.00 , 985.00 , 0.000,0,700
3630,1907,1907,Ladies &,Rolex Belt Ladies Watch,600.00 - 1390.00 - 1.000,600.00 , 1390.00 , 1.000,1,900
3631,1908,1908,Ladies &,Citizen Quartz Ladies Watch,900.00 - 2395.00 - 0.000,900.00 , 2395.00 , 0.000,0,195
3632,1909,1909,Ladies &,Devise Magnetv L/Watch,450.00 - 985.00 - 0.000,450.00 , 985.00 , 0.000,0,85
1150,1910,1910,Skin care,Colour Pop 3D Nail Polish,200.00 - 495.00 - 11.000,200.00 , 495.00 , 11.000,11,350
3633,1911,1911,Ladies &,Orix Quartz Jents Watch,950.00 - 2695.00 - 0.000,950.00 , 2695.00 , 0.000,0,195
3634,1912,1912,Ladies &,Fascino Slim Jents Watch,850.00 - 1890.00 - 0.000,850.00 , 1890.00 , 0.000,0,1300
3635,1913,1913,Ladies &,Orix Silver Watch,950.00 - 2490.00 - 1.000,950.00 , 2490.00 , 1.000,1,1500
3636,1914,1914,Ladies &,Fascino Jents Watch,1000.00 - 2490.00 - 2.000,1000.00 , 2490.00 , 2.000,2,1500
3637,1915,1915,Ladies &,Fascino Gold Gents Watch,950.00 - 2490.00 - 2.000,950.00 , 2490.00 , 2.000,2,1500
3638,1916,1916,Ladies &,Fascino Black Jents Watch,920.00 - 1995.00 - 1.000,920.00 , 1995.00 , 1.000,1,1500
3640,1918,1918,Ladies &,Cagid Silver Jents Watch,400.00 - 1190.00 - 1.000,400.00 , 1190.00 , 1.000,1,700
3641,1919,1919,Ladies &,Omega Quarts Gents Watch,500.00 - 1190.00 - 0.000,500.00 , 1190.00 , 0.000,0,190
3642,1920,1920,Ladies &,Adidas Silver Jents Watch,800.00 - 1695.00 - 1.000,800.00 , 1695.00 , 1.000,1,1300
3643,1921,1921,Ladies &,Orix Silver Jents Watch,500.00 - 1290.00 - 0.000,500.00 , 1290.00 , 0.000,0,800
3644,1922,1922,Ladies &,Aveo Jents Watch,1050.00 - 2595.00 - 1.000,1050.00 , 2595.00 , 1.000,1,1600
3645,1923,1923,Ladies &,Patek Philippe Gents Watch,950.00 - 2490.00 - 3.000,950.00 , 2490.00 , 3.000,3,1500
3646,1924,1924,Ladies &,Fenix Gents Watch,850.00 - 1890.00 - 0.000,850.00 , 1890.00 , 0.000,0,190
3647,1925,1925,Ladies &,Orix Date & Time Gents,6000.00 - 6950.00 - 0.000,6000.00 , 6950.00 , 0.000,0,40000
3648,1926,1926,Ladies &,Citizen Watch MN-9144DD,4000.00 - 6390.00 - 1.000,4000.00 , 6390.00 , 1.000,1,5500
3649,1927,1927,Ladies &,Citizen Gents Watch (,4000.00 - 4195.00 - 0.000,4000.00 , 4195.00 , 0.000,0,95
3650,1928,1928,Ladies &,Citizen Date & Time Gents,2700.00 - 4890.00 - 0.000,2700.00 , 4890.00 , 0.000,0,4200
3651,1929,1929,Ladies &,Longbo Quartz Gents,2000.00 - 2695.00 - 0.000,2000.00 , 2695.00 , 0.000,0,195
3652,1930,1930,Ladies &,Rolex Date Just Gents,600.00 - 1495.00 - 0.000,600.00 , 1495.00 , 0.000,0,1000
3653,1931,1931,Ladies &,Orix Gents Watch,1500.00 - 1895.00 - 0.000,1500.00 , 1895.00 , 0.000,0,1400
3654,1932,1932,Ladies &,Tossit 1853 Gents Watch,500.00 - 1290.00 - 0.000,500.00 , 1290.00 , 0.000,0,800
3655,1933,1933,Ladies &,Orix Tachymeter Gents,950.00 - 2400.00 - 1.000,950.00 , 2400.00 , 1.000,1,1500
2940,1934,1934,Gift Items,Table Clock Alarm Round,360.00 - 790.00 - 0.000,360.00 , 790.00 , 0.000,0,40
3965,1935,1935,Watch &,Quartz Table Clock Alarm,400.00 - 890.00 - 1.000,400.00 , 890.00 , 1.000,1,650
2941,1936,1936,Gift Items,Quartz Table Clock Alarm,420.00 - 965.00 - 0.000,420.00 , 965.00 , 0.000,0,35
2942,1937,1937,Gift Items,Quartz Table Clock Alarm JX,400.00 - 895.00 - 0.000,400.00 , 895.00 , 0.000,0,45
2943,1938,1938,Gift Items,Quartz Apple Table Clock,500.00 - 1190.00 - 1.000,500.00 , 1190.00 , 1.000,1,850
2944,1939,1939,Gift Items,Lovely Little Table Alarm,520.00 - 1190.00 - 1.000,520.00 , 1190.00 , 1.000,1,850
2948,1944,1944,Gift Items,Golden Hot/Cold Ceramic,650.00 - 1150.00 - 1.000,650.00 , 1150.00 , 1.000,1,850
2949,1945,1945,Gift Items,Happy Birth Day Mug,300.00 - 695.00 - 0.000,300.00 , 695.00 , 0.000,0,95
2950,1946,1946,Gift Items,Hot&Cold Silver Mug,450.00 - 785.00 - 0.000,450.00 , 785.00 , 0.000,0,600
2951,1947,1947,Gift Items,Love Mugs,350.00 - 795.00 - 7.000,350.00 , 795.00 , 7.000,7,550
2952,1948,1948,Gift Items,Coffee Mug 1948,200.00 - 465.00 - 4.000,200.00 , 465.00 , 4.000,4,300
2953,1957,1957,Gift Items,Flower Heart Glass,510.00 - 1195.00 - 0.000,510.00 , 1195.00 , 0.000,0,850
2955,1960,1960,Gift Items,Love Ball Statue,500.00 - 1150.00 - 2.000,500.00 , 1150.00 , 2.000,2,850
2956,1961,1961,Gift Items,Ligth With Balloons,550.00 - 1295.00 - 1.000,550.00 , 1295.00 , 1.000,1,850
3656,1962,1962,Ladies &,Orix Quartz Gents Watch (,800.00 - 1690.00 - 0.000,800.00 , 1690.00 , 0.000,0,1200
2957,1963,1963,Gift Items,Ligth With Love Symbol,600.00 - 1295.00 - 2.000,600.00 , 1295.00 , 2.000,2,900
3657,1964,1964,Ladies &,Fila Original Jents Watch (,500.00 - 1190.00 - 1.000,500.00 , 1190.00 , 1.000,1,800
2958,1965,1965,Gift Items,Kiss Me Statue,300.00 - 695.00 - 3.000,300.00 , 695.00 , 3.000,3,500
3658,1966,1966,Ladies &,Fila Original Jents Watch (,1000.00 - 1295.00 - 0.000,1000.00 , 1295.00 , 0.000,0,95
2960,1968,1968,Gift Items,Symbol Of Love Glass,500.00 - 985.00 - 0.000,500.00 , 985.00 , 0.000,0,85
2961,1969,1969,Gift Items,LoveYou Nigth Lamp,700.00 - 1595.00 - 3.000,700.00 , 1595.00 , 3.000,3,1200
2962,1970,1970,Gift Items,Love You Glass With Ligth,450.00 - 895.00 - 1.000,450.00 , 895.00 , 1.000,1,700
2963,1971,1971,Gift Items,Gitarr With LOve Statue,500.00 - 1150.00 - 1.000,500.00 , 1150.00 , 1.000,1,850
3659,1972,1972,Ladies &,Orix Quartz Jents Watch (,530.00 - 1395.00 - 2.000,530.00 , 1395.00 , 2.000,2,850
2964,1973,1973,Gift Items,Golden Trophy Small,120.00 - 295.00 - 7.000,120.00 , 295.00 , 7.000,7,200
2965,1974,1974,Gift Items,Smilling Girl Statue,500.00 - 1150.00 - 1.000,500.00 , 1150.00 , 1.000,1,850
3660,1975,1975,Ladies &,Orix !Quartz Date & Time,1500.00 - 1790.00 - 0.000,1500.00 , 1790.00 , 0.000,0,90
2966,1976,1976,Gift Items,Flower With Love,500.00 - 1150.00 - 1.000,500.00 , 1150.00 , 1.000,1,850
3661,1977,1977,Ladies &,Cartyr Jents Watch ( Msf ),500.00 - 1295.00 - 1.000,500.00 , 1295.00 , 1.000,1,800
2967,1978,1978,Gift Items,Globel Map Ball With Bottel,150.00 - 395.00 - 1.000,150.00 , 395.00 , 1.000,1,300
2968,1979,1979,Gift Items,KIss Botteld Glass,300.00 - 600.00 - 1.000,300.00 , 600.00 , 1.000,1,500
3662,1980,1980,Ladies &,Curin Jents Watch ( DMs ),1000.00 - 1190.00 - 0.000,1000.00 , 1190.00 , 0.000,0,90
2969,1981,1981,Gift Items,Statue Gifts,300.00 - 600.00 - 1.000,300.00 , 600.00 , 1.000,1,500
3663,1982,1982,Ladies &,S_ Sport Water Proof Jents,1300.00 - 2490.00 - 1.000,1300.00 , 2490.00 , 1.000,1,1500
2970,1983,1983,Gift Items,Happy Techers Day Gift,150.00 - 395.00 - 1.000,150.00 , 395.00 , 1.000,1,300
2971,1984,1984,Gift Items,Tabel Lamp With Drower,730.00 - 1695.00 - 0.000,730.00 , 1695.00 , 0.000,0,1300
2972,1985,1985,Gift Items,Tabel Lamp With Bubbles,730.00 - 1695.00 - 1.000,730.00 , 1695.00 , 1.000,1,1300
3664,1986,1986,Ladies &,Rexol Quartz Jents Watch,500.00 - 1295.00 - 1.000,500.00 , 1295.00 , 1.000,1,800
2975,1989,1989,Gift Items,Glass Jar,380.00 - 665.00 - 3.000,380.00 , 665.00 , 3.000,3,500
3665,1991,1991,Ladies &,Lasika W_F 149 Jents Watch,1000.00 - 1390.00 - 0.000,1000.00 , 1390.00 , 0.000,0,90
3666,1994,1994,Ladies &,Lasika W_H9032 Jents,800.00 - 1790.00 - 1.000,800.00 , 1790.00 , 1.000,1,1200
3667,1996,1996,Ladies &,Doros Dash Jents Watch (,1000.00 - 2190.00 - 1.000,1000.00 , 2190.00 , 1.000,1,1500
3668,1998,1998,Ladies &,Chrono WR 330Ft Jents,1500.00 - 17901.00 - 0.000,1500.00 , 17901.00 , 0.000,0,90
3669,1999,1999,Ladies &,Aosun WR 30M Jents,800.00 - 1690.00 - 1.000,800.00 , 1690.00 , 1.000,1,1200
3670,2000,2000,Ladies &,Happy Jents Watch ( DMS ),900.00 - 1100.00 - -2.000,900.00 , 1100.00 , -2.000,-2,100
3672,2002,2002,Ladies &,Polish Date & Time Jents,1500.00 - 1690.00 - 0.000,1500.00 , 1690.00 , 0.000,0,90
3673,2003,2003,Ladies &,Pomo Jents Watch ( Dms ),1000.00 - 1190.00 - 0.000,1000.00 , 1190.00 , 0.000,0,90
3674,2004,2004,Ladies &,Peng Ba Jents Watch ( Dof ),1000.00 - 1190.00 - 0.000,1000.00 , 1190.00 , 0.000,0,90
3675,2005,2005,Ladies &,Orix Date & Time Watch (,1500.00 - 1790.00 - 0.000,1500.00 , 1790.00 , 0.000,0,90
3676,2006,2006,Ladies &,Qmega Quartz Jents Watch,1000.00 - 1290.00 - 0.000,1000.00 , 1290.00 , 0.000,0,90
3677,2007,2007,Ladies &,Orix Quartz Jents Watch (,1000.00 - 1150.00 - 0.000,1000.00 , 1150.00 , 0.000,0,50
3678,2008,2008,Ladies &,Geneva Quartz Jents Watch,900.00 - 1100.00 - -2.000,900.00 , 1100.00 , -2.000,-2,100
3679,2009,2009,Ladies &,SK Shengke Jents Watch,1000.00 - 1150.00 - 0.000,1000.00 , 1150.00 , 0.000,0,50
3680,2010,2010,Ladies &,Swatch Swiss Quartz Jents,1000.00 - 1290.00 - 0.000,1000.00 , 1290.00 , 0.000,0,90
3681,2011,2011,Ladies &,Longines Quartz Jents,1000.00 - 1190.00 - 0.000,1000.00 , 1190.00 , 0.000,0,90
3682,2012,2012,Ladies &,Breitling Jents Watch ( Dfm,500.00 - 895.00 - 1.000,500.00 , 895.00 , 1.000,1,700
2981,2014,2014,Gift Items,Flower Bookey,250.00 - 595.00 - 2.000,250.00 , 595.00 , 2.000,2,400
2982,2016,2016,Gift Items,Greeting Card 3D [I LOve,130.00 - 285.00 - 16.000,130.00 , 285.00 , 16.000,16,200
3564,2019,2019,Elactricle,Maxell R03[AB]2P,54.00 - 110.00 - 49.000,54.00 , 110.00 , 49.000,49,100
3565,2020,2020,Elactricle,777 [R03] AAA Battery,23.00 - 50.00 - 57.000,23.00 , 50.00 , 57.000,57,50
3566,2021,2021,Elactricle,777 [R03] AA Battery,25.00 - 50.00 - 7.000,25.00 , 50.00 , 7.000,7,50
1152,2023,2023,Skin care,Kum Kum Dot Bottel,34.00 - 50.00 - 2.000,34.00 , 50.00 , 2.000,2,50
237,2024,2024,Hair care,Donut Bun,100.00 - 265.00 - 1.000,100.00 , 265.00 , 1.000,1,200
238,2025,2025,Hair care,Apsara Fake Hair Size 15,280.00 - 585.00 - 1.000,280.00 , 585.00 , 1.000,1,400
239,2026,2026,Hair care,Apsara Fake Hair Size 28,510.00 - 985.00 - 1.000,510.00 , 985.00 , 1.000,1,700
240,2027,2027,Hair care,Apsara Fake Hair Size 20,370.00 - 695.00 - 1.000,370.00 , 695.00 , 1.000,1,500
241,2028,2028,Hair care,Apsara Fake Hair Size 10,190.00 - 395.00 - 3.000,190.00 , 395.00 , 3.000,3,245
242,2029,2029,Hair care,Apsara Fake Hair Size 12,230.00 - 485.00 - 1.000,230.00 , 485.00 , 1.000,1,300
243,2030,2030,Hair care,Apsara Fake Hair Size 7,140.00 - 325.00 - 1.000,140.00 , 325.00 , 1.000,1,200
2676,2031,2031,Other,Fevicol Super Glue,40.00 - 75.00 - 3.000,40.00 , 75.00 , 3.000,3,60
244,2032,2032,Hair care,Alifego Super Glue,30.00 - 70.00 - 0.000,30.00 , 70.00 , 0.000,0,10
3683,2033,2033,Ladies &,T800 Ultra Jents Watch (,3000.00 - 3690.00 - 0.000,3000.00 , 3690.00 , 0.000,0,190
3684,2035,2035,Ladies &,I9 Ultra 2 Jents Watch ( Lifs,5500.00 - 5790.00 - 0.000,5500.00 , 5790.00 , 0.000,0,90
3685,2039,2039,Ladies &,Orix 21 Belt Ledies Watch (,1900.00 - 3690.00 - 2.000,1900.00 , 3690.00 , 2.000,2,2900
3686,2046,2046,Ladies &,Bet Ta Wr30m ( Msf ),500.00 - 1190.00 - 2.000,500.00 , 1190.00 , 2.000,2,800
3687,2047,2047,Ladies &,Weiba Mode 30m Reset (,400.00 - 985.00 - 3.000,400.00 , 985.00 , 3.000,3,650
3688,2048,2048,Ladies &,Piaoma Sport Wr 50m Jents,1300.00 - 2490.00 - 2.000,1300.00 , 2490.00 , 2.000,2,1700
3689,2049,2049,Ladies &,Taixun Gents Watch ( Fesf ),800.00 - 1790.00 - 1.000,800.00 , 1790.00 , 1.000,1,1200
3690,2050,2050,Ladies &,Taixun 3 Atm Jents Watch (,800.00 - 1790.00 - 3.000,800.00 , 1790.00 , 3.000,3,1200
3691,2051,2051,Ladies &,Smart LED Watch,300.00 - 585.00 - 0.000,300.00 , 585.00 , 0.000,0,85
3692,2052,2052,Ladies &,Smart LED Watch ( LNS ),800.00 - 895.00 - 0.000,800.00 , 895.00 , 0.000,0,45
3693,2053,2053,Ladies &,Smart LED Watch ( OEF ),500.00 - 665.00 - 0.000,500.00 , 665.00 , 0.000,0,65
3694,2054,2054,Ladies &,Gasio Countdown Timer (,600.00 - 795.00 - 0.000,600.00 , 795.00 , 0.000,0,95
3695,2055,2055,Ladies &,Smart LED Watch ( OSF ),200.00 - 565.00 - 1.000,200.00 , 565.00 , 1.000,1,400
3696,2056,2056,Ladies &,Shijia 3Bar JENTS Watch (,500.00 - 950.00 - 1.000,500.00 , 950.00 , 1.000,1,800
3697,2057,2057,Ladies &,Yitong Y-63 Watch (GSF ),100.00 - 265.00 - 0.000,100.00 , 265.00 , 0.000,0,15
3698,2058,2058,Ladies &,Yitong Y-60 Watch,200.00 - 395.00 - 0.000,200.00 , 395.00 , 0.000,0,45
3699,2059,2059,Ladies &,Dora Exploser Watch (LOF ),320.00 - 790.00 - 1.000,320.00 , 790.00 , 1.000,1,550
3700,2060,2060,Ladies &,Dora Exploser Watch ( LMS,600.00 - 795.00 - 0.000,600.00 , 795.00 , 0.000,0,95
3701,2061,2061,Ladies &,Gasio F-91w Jents Watch (,500.00 - 695.00 - 0.000,500.00 , 695.00 , 0.000,0,95
3702,2062,2062,Ladies &,Kids Watch ( Lms ),600.00 - 795.00 - 0.000,600.00 , 795.00 , 0.000,0,95
3704,2064,2064,Ladies &,Kids Watch (DSF ),400.00 - 895.00 - 7.000,400.00 , 895.00 , 7.000,7,650
3705,2065,2065,Ladies &,Kids Watch (DFS ),400.00 - 690.00 - 1.000,400.00 , 690.00 , 1.000,1,600
3706,2066,2066,Ladies &,Kids Watch,400.00 - 765.00 - 1.000,400.00 , 765.00 , 1.000,1,65
3707,2067,2067,Ladies &,Kids Watch LED ( DSF ),700.00 - 895.00 - 0.000,700.00 , 895.00 , 0.000,0,95
3708,2068,2068,Ladies &,Kids Watch ( OSF ),250.00 - 485.00 - 0.000,250.00 , 485.00 , 0.000,0,85
3709,2069,2069,Ladies &,Kids Normal watch,100.00 - 285.00 - 0.000,100.00 , 285.00 , 0.000,0,35
248,2073,2073,Hair care,Vatika Hair Cream Dandruff,1000.00 - 1295.00 - 2.000,1000.00 , 1295.00 , 2.000,2,1000
1158,2082,2082,Skin care,Dr Davey Whitening &,1000.00 - 1290.00 - 0.000,1000.00 , 1290.00 , 0.000,0,90
1166,2091,2091,Skin care,French White Gold Day &,2000.00 - 2590.00 - 1.000,2000.00 , 2590.00 , 1.000,1,2000
2684,2103,2103,Other,Bveis Ladies Pursses,650.00 - 1295.00 - 0.000,650.00 , 1295.00 , 0.000,0,195
2685,2106,2106,Other,Chanel Ladies Purses,650.00 - 1290.00 - 1.000,650.00 , 1290.00 , 1.000,1,190
2686,2108,2108,Other,Gucci Ladies Purses,570.00 - 1190.00 - 3.000,570.00 , 1190.00 , 3.000,3,1000
2687,2111,2111,Other,Qingguoshu Ladies Purses,1000.00 - 1790.00 - 0.000,1000.00 , 1790.00 , 0.000,0,190
2688,2112,2112,Other,Baellerry Ladies Purses,1070.00 - 1695.00 - 0.000,1070.00 , 1695.00 , 0.000,0,95
1190,2122,2122,Skin care,Seri Red Sandalwood F/w,200.00 - 215.00 - 0.000,200.00 , 215.00 , 0.000,0,0
2689,2144,2144,Other,Bveis Ladies Purses,800.00 - 1590.00 - 2.000,800.00 , 1590.00 , 2.000,2,350
2690,2145,2145,Other,The Kangoroo Ladies,700.00 - 1390.00 - 5.000,700.00 , 1390.00 , 5.000,5,1200
2691,2146,2146,Other,Forever Young Ladies,950.00 - 1695.00 - 2.000,950.00 , 1695.00 , 2.000,2,1300
2692,2147,2147,Other,Love Ladies desighn Purses,620.00 - 1290.00 - 6.000,620.00 , 1290.00 , 6.000,6,1000
2693,2148,2148,Other,Gloria Ladies Purses,300.00 - 595.00 - 0.000,300.00 , 595.00 , 0.000,0,95
2694,2149,2149,Other,Black Haert Ladies Purses,570.00 - 965.00 - 0.000,570.00 , 965.00 , 0.000,0,65
2695,2150,2150,Other,C&C Shine Ladies Purses,850.00 - 1490.00 - 1.000,850.00 , 1490.00 , 1.000,1,1300
2696,2151,2151,Other,Bow Tag Ladies Purses,300.00 - 565.00 - 0.000,300.00 , 565.00 , 0.000,0,65
2697,2152,2152,Other,Flower With Two Side,1280.00 - 2290.00 - 0.000,1280.00 , 2290.00 , 0.000,0,190
2698,2153,2153,Other,Teddy Ladies Purses,600.00 - 1295.00 - 1.000,600.00 , 1295.00 , 1.000,1,1100
3282,2154,2154,Kids Items,Changeable Rail Train Set (,1000.00 - 1290.00 - 0.000,1000.00 , 1290.00 , 0.000,0,90
3283,2155,2155,Kids Items,Electric Rail Car ( FESR ),1500.00 - 1890.00 - 0.000,1500.00 , 1890.00 , 0.000,0,90
3284,2156,2156,Kids Items,Radio Control Racing Car (,3000.00 - 3290.00 - 0.000,3000.00 , 3290.00 , 0.000,0,90
3285,2157,2157,Kids Items,Aircraft Flash Electric ( FRSE,900.00 - 1690.00 - 1.000,900.00 , 1690.00 , 1.000,1,1400
3286,2158,2158,Kids Items,City Police ( OMS ),300.00 - 565.00 - 0.000,300.00 , 565.00 , 0.000,0,65
3287,2159,2159,Kids Items,Air Plane ( FMSR ),1000.00 - 1150.00 - 0.000,1000.00 , 1150.00 , 0.000,0,50
3288,2160,2160,Kids Items,Sportsy Car,1000.00 - 2290.00 - 2.000,1000.00 , 2290.00 , 2.000,2,1500
3289,2161,2161,Kids Items,Dancing Angel Ice Princess,1400.00 - 2695.00 - 0.000,1400.00 , 2695.00 , 0.000,0,1900
3290,2162,2162,Kids Items,Chicken Will Lay Eggs (,950.00 - 1790.00 - 1.000,950.00 , 1790.00 , 1.000,1,1500
3291,2163,2163,Kids Items,Small Duck Car ( GNSF ),1700.00 - 2895.00 - 3.000,1700.00 , 2895.00 , 3.000,3,2200
3292,2164,2164,Kids Items,Truck Excavator ( ISFS ),600.00 - 1395.00 - 3.000,600.00 , 1395.00 , 3.000,3,1000
3293,2165,2165,Kids Items,Stunt Cars ( FESR ),800.00 - 1490.00 - 1.000,800.00 , 1490.00 , 1.000,1,1200
1201,2169,2169,Skin care,Sanoda H/Sandalwood Face,315.70 - 385.00 - 0.000,315.70 , 385.00 , 0.000,0,10
3294,2193,2193,Kids Items,Helicopter I/R Control,1000.00 - 2290.00 - 0.000,1000.00 , 2290.00 , 0.000,0,290
3295,2194,2194,Kids Items,Helicopter Dual Control,1000.00 - 2290.00 - 0.000,1000.00 , 2290.00 , 0.000,0,290
3296,2195,2195,Kids Items,Wilson Tennis Ball,400.00 - 865.00 - 0.000,400.00 , 865.00 , 0.000,0,65
2473,2196,2196,Bags &,Helicopter Sensor,1000.00 - 1890.00 - 1.000,1000.00 , 1890.00 , 1.000,1,1500
3297,2197,2197,Kids Items,Famous Racing Lighting Car,600.00 - 1290.00 - 0.000,600.00 , 1290.00 , 0.000,0,190
3298,2198,2198,Kids Items,Electric Tricycle Toy,700.00 - 1390.00 - 0.000,700.00 , 1390.00 , 0.000,0,190
3299,2199,2199,Kids Items,Super Truck Tc-146,1300.00 - 2290.00 - 2.000,1300.00 , 2290.00 , 2.000,2,1550
3300,2200,2200,Kids Items,Musical Nursery Merry Go,250.00 - 545.00 - 5.000,250.00 , 545.00 , 5.000,5,450
3301,2201,2201,Kids Items,Cool Moon Toy,1000.00 - 2290.00 - 1.000,1000.00 , 2290.00 , 1.000,1,1500
3302,2202,2202,Kids Items,Lovely Baby Toy Set,1500.00 - 2790.00 - 1.000,1500.00 , 2790.00 , 1.000,1,2000
3303,2203,2203,Kids Items,Fashionii Girls Beuty Toy,300.00 - 695.00 - 1.000,300.00 , 695.00 , 1.000,1,500
3304,2204,2204,Kids Items,Modern Pretty Girl Toy,600.00 - 1390.00 - 0.000,600.00 , 1390.00 , 0.000,0,190
3305,2205,2205,Kids Items,Heroes Warrior Toy,1300.00 - 2495.00 - 1.000,1300.00 , 2495.00 , 1.000,1,1500
3306,2206,2206,Kids Items,Speed Car Open 3 Doors,1500.00 - 2790.00 - 1.000,1500.00 , 2790.00 , 1.000,1,2000
3307,2207,2207,Kids Items,Great Racing Car Toy,1500.00 - 2790.00 - 1.000,1500.00 , 2790.00 , 1.000,1,2000
3308,2208,2208,Kids Items,Sport Car Remote Controle,1800.00 - 3290.00 - 1.000,1800.00 , 3290.00 , 1.000,1,2500
3309,2209,2209,Kids Items,Racing Edithion R/Controle,1400.00 - 2790.00 - 1.000,1400.00 , 2790.00 , 1.000,1,2100
3310,2210,2210,Kids Items,Race Cross Race Car 1.20,1700.00 - 2990.00 - 1.000,1700.00 , 2990.00 , 1.000,1,2300
3311,2211,2211,Kids Items,Ben 10 Vine Racing Car,400.00 - 765.00 - 1.000,400.00 , 765.00 , 1.000,1,550
3312,2212,2212,Kids Items,Little Train Vine Toy,250.00 - 565.00 - 0.000,250.00 , 565.00 , 0.000,0,65
3313,2213,2213,Kids Items,Army Gun No- 5358 Toy,250.00 - 565.00 - 0.000,250.00 , 565.00 , 0.000,0,400
3314,2214,2214,Kids Items,School bus Vine Toy,250.00 - 565.00 - 3.000,250.00 , 565.00 , 3.000,3,400
3315,2215,2215,Kids Items,Super Truck Toy,300.00 - 690.00 - 1.000,300.00 , 690.00 , 1.000,1,490
3316,2216,2216,Kids Items,12' LCD Writing Tablet,600.00 - 1100.00 - 1.000,600.00 , 1100.00 , 1.000,1,50
3317,2217,2217,Kids Items,Water Pc-Game,150.00 - 295.00 - 0.000,150.00 , 295.00 , 0.000,0,45
3318,2218,2218,Kids Items,Water Phone Game,90.00 - 165.00 - 0.000,90.00 , 165.00 , 0.000,0,15
3319,2219,2219,Kids Items,Smurf Piano Toy,250.00 - 595.00 - 0.000,250.00 , 595.00 , 0.000,0,95
3320,2220,2220,Kids Items,Police Bus 1-1-2 Vine,400.00 - 895.00 - 1.000,400.00 , 895.00 , 1.000,1,550
3321,2221,2221,Kids Items,Rust-eze Race Vine Car,300.00 - 665.00 - 0.000,300.00 , 665.00 , 0.000,0,450
3322,2222,2222,Kids Items,POlice 911 Vine Car,250.00 - 565.00 - 0.000,250.00 , 565.00 , 0.000,0,65
3323,2223,2223,Kids Items,Transformers Vine Car,300.00 - 685.00 - -1.000,300.00 , 685.00 , -1.000,-1,500
3324,2224,2224,Kids Items,Super Car 3801 Vine,500.00 - 1150.00 - 0.000,500.00 , 1150.00 , 0.000,0,150
3325,2225,2225,Kids Items,Helicopter Vine Toy,250.00 - 565.00 - 0.000,250.00 , 565.00 , 0.000,0,65
3326,2226,2226,Kids Items,Racing Car Vine Toy,200.00 - 485.00 - 0.000,200.00 , 485.00 , 0.000,0,85
3327,2227,2227,Kids Items,Diy Truck Toy,200.00 - 495.00 - 0.000,200.00 , 495.00 , 0.000,0,350
3328,2228,2228,Kids Items,Robo Vine Car,180.00 - 385.00 - 1.000,180.00 , 385.00 , 1.000,1,250
3329,2229,2229,Kids Items,Dump Truck Toy,250.00 - 565.00 - 4.000,250.00 , 565.00 , 4.000,4,400
3330,2230,2230,Kids Items,Dog Toy,500.00 - 895.00 - 0.000,500.00 , 895.00 , 0.000,0,45
3331,2231,2231,Kids Items,Lovely Lion Toy,560.00 - 1150.00 - 0.000,560.00 , 1150.00 , 0.000,0,150
3332,2232,2232,Kids Items,Super Power Truck Vine Toy,300.00 - 790.00 - 0.000,300.00 , 790.00 , 0.000,0,90
3333,2233,2233,Kids Items,Top Truck 9982,200.00 - 495.00 - 0.000,200.00 , 495.00 , 0.000,0,45
3334,4854,2234,Kids Items,Wheel berow,300.00 - 450.00 - 1.000,300.00 , 450.00 , 1.000,1,590
3335,2235,2235,Kids Items,Desert Eagle -3 R/Controle,1200.00 - 2690.00 - 0.000,1200.00 , 2690.00 , 0.000,0,190
3336,2236,2236,Kids Items,Police Vine Car,250.00 - 545.00 - 0.000,250.00 , 545.00 , 0.000,0,400
3337,2237,2237,Kids Items,Winner Truck 877,180.00 - 485.00 - 4.000,180.00 , 485.00 , 4.000,4,350
3338,2238,2238,Kids Items,Powerd Top Truck 866,200.00 - 465.00 - 0.000,200.00 , 465.00 , 0.000,0,95
3339,2239,2239,Kids Items,Elactronic Keyborad Xh-,1200.00 - 2595.00 - 1.000,1200.00 , 2595.00 , 1.000,1,1700
3340,2240,2240,Kids Items,Super Bucked Bus 2886,150.00 - 325.00 - 0.000,150.00 , 325.00 , 0.000,0,75
3341,2241,2241,Kids Items,Autabus 595-15,150.00 - 385.00 - 0.000,150.00 , 385.00 , 0.000,0,35
3342,2242,2242,Kids Items,Truckter With Storage,300.00 - 695.00 - 0.000,300.00 , 695.00 , 0.000,0,45
3343,2243,2243,Kids Items,Super Power Truck,150.00 - 365.00 - 0.000,150.00 , 365.00 , 0.000,0,65
3344,2244,2244,Kids Items,Racing Super Car 588-23,200.00 - 495.00 - 3.000,200.00 , 495.00 , 3.000,3,350
3345,2245,2245,Kids Items,Police Car A012-2,250.00 - 585.00 - 1.000,250.00 , 585.00 , 1.000,1,400
3346,2246,2246,Kids Items,Top Mix Racing Car,200.00 - 495.00 - 2.000,200.00 , 495.00 , 2.000,2,350
3347,2247,2247,Kids Items,Duck Vine Toy,200.00 - 465.00 - 0.000,200.00 , 465.00 , 0.000,0,65
3348,2248,2248,Kids Items,Skyblazed Racing Car593-,250.00 - 465.00 - 2.000,250.00 , 465.00 , 2.000,2,350
3349,2249,2249,Kids Items,Quick Car,150.00 - 365.00 - 1.000,150.00 , 365.00 , 1.000,1,250
3350,2250,2250,Kids Items,King Car,150.00 - 295.00 - 0.000,150.00 , 295.00 , 0.000,0,45
3351,2251,2251,Kids Items,Truck Series,300.00 - 695.00 - 0.000,300.00 , 695.00 , 0.000,0,95
3352,2252,2252,Kids Items,Ben 10 Vine Car,200.00 - 465.00 - 0.000,200.00 , 465.00 , 0.000,0,65
3353,2253,2253,Kids Items,Singing Birds Toy,500.00 - 965.00 - 0.000,500.00 , 965.00 , 0.000,0,65
3568,2254,2254,Elactricle,Taiko Vacuum Flask 1800ml,1850.00 - 2980.00 - 1.000,1850.00 , 2980.00 , 1.000,1,2350
3569,2255,2255,Elactricle,Taiko Vacuum Flask 1000ml,1600.00 - 2690.00 - 2.000,1600.00 , 2690.00 , 2.000,2,2100
2705,2256,2256,Other,Shakura Vacuum Flask,1100.00 - 1790.00 - 1.000,1100.00 , 1790.00 , 1.000,1,1600
2706,2257,2257,Other,Hachi Vacuum Flask 450ml,1250.00 - 1890.00 - 1.000,1250.00 , 1890.00 , 1.000,1,1700
3570,2258,2258,Elactricle,Royal Hot Pot Box 100ml (,1200.00 - 1890.00 - 1.000,1200.00 , 1890.00 , 1.000,1,1600
3571,2259,2259,Elactricle,Royal Hot Pot Box 600ml (,1000.00 - 1265.00 - 0.000,1000.00 , 1265.00 , 0.000,0,65
3572,2260,2260,Elactricle,Hachi Sandwich Maker,2900.00 - 4295.00 - 1.000,2900.00 , 4295.00 , 1.000,1,3500
3573,2261,2261,Elactricle,Ozone Sandwich Toaster,2900.00 - 4290.00 - 1.000,2900.00 , 4290.00 , 1.000,1,3500
3574,2262,2262,Elactricle,Earth Star Dry Iron,2250.00 - 3490.00 - 3.000,2250.00 , 3490.00 , 3.000,3,2750
3575,2263,2263,Elactricle,Earth Star Steam Iron ( onsf,2750.00 - 3985.00 - 3.000,2750.00 , 3985.00 , 3.000,3,3250
3576,2264,2264,Elactricle,Desk Lamp Model. 203 (,1000.00 - 2290.00 - 4.000,1000.00 , 2290.00 , 4.000,4,1500
3577,2265,2265,Elactricle,Desk Lamp ( Gsfs ),1500.00 - 2150.00 - 0.000,1500.00 , 2150.00 , 0.000,0,150
3578,2266,2266,Elactricle,LED Rechargeable Lamp (,580.00 - 1295.00 - 1.000,580.00 , 1295.00 , 1.000,1,1000
3579,2267,2267,Elactricle,LED Foldable Charging,1400.00 - 2490.00 - 3.000,1400.00 , 2490.00 , 3.000,3,1900
252,2268,2268,Hair care,New Nova 2in1 Hair Beauty,1500.00 - 2295.00 - 0.000,1500.00 , 2295.00 , 0.000,0,95
253,2269,2269,Hair care,Foldable Hair Dryer 1000w (,800.00 - 1695.00 - 1.000,800.00 , 1695.00 , 1.000,1,1300
3580,2270,2270,Elactricle,LED Mini Party Light ( LMS ),350.00 - 765.00 - 28.000,350.00 , 765.00 , 28.000,28,600
3581,2271,2271,Elactricle,CBi LED Light,300.00 - 550.00 - 6.000,300.00 , 550.00 , 6.000,6,500
2707,2272,2272,Other,Moon Brand Candles ( oms,250.00 - 495.00 - 1.000,250.00 , 495.00 , 1.000,1,400
3582,2273,2273,Elactricle,LED Light,125.00 - 230.00 - 0.000,125.00 , 230.00 , 0.000,20,220
3354,2274,2274,Kids Items,1/24 Scale R/C Sport Car,1050.00 - 2390.00 - 4.000,1050.00 , 2390.00 , 4.000,4,1600
3355,2275,2275,Kids Items,1/18 Scale 5/C Radio,1400.00 - 2690.00 - 8.000,1400.00 , 2690.00 , 8.000,8,1900
3356,2276,2276,Kids Items,1/18 Scale 5/C Stearing,1800.00 - 2950.00 - 0.000,1800.00 , 2950.00 , 0.000,0,2300
3357,2277,2277,Kids Items,Kitchen Set,850.00 - 1895.00 - 2.000,850.00 , 1895.00 , 2.000,2,1400
3358,2278,2278,Kids Items,Ben10 Train Track,400.00 - 895.00 - 0.000,400.00 , 895.00 , 0.000,0,600
3359,2279,2279,Kids Items,R/C TRUCK,1200.00 - 2190.00 - 4.000,1200.00 , 2190.00 , 4.000,4,1700
3360,2280,2280,Kids Items,R/C Cartoon Car,1200.00 - 1890.00 - 0.000,1200.00 , 1890.00 , 0.000,0,290
3361,2281,2281,Kids Items,Baby Acart,850.00 - 1890.00 - 0.000,850.00 , 1890.00 , 0.000,0,1300
3362,2282,2282,Kids Items,Toys Phone,100.00 - 225.00 - 0.000,100.00 , 225.00 , 0.000,0,75
3363,2283,2283,Kids Items,Bata Nala,60.00 - 165.00 - 0.000,60.00 , 165.00 , 0.000,0,45
3364,2284,2284,Kids Items,Toys Truck,200.00 - 495.00 - 1.000,200.00 , 495.00 , 1.000,1,350
3365,2285,2285,Kids Items,Toys Truck 896-7,170.00 - 495.00 - 1.000,170.00 , 495.00 , 1.000,1,350
3366,2286,2286,Kids Items,P.D No.185,300.00 - 690.00 - 2.000,300.00 , 690.00 , 2.000,2,450
3367,2287,2287,Kids Items,Eagle Gun CapRoll,120.00 - 285.00 - 8.000,120.00 , 285.00 , 8.000,8,190
3368,2290,2290,Kids Items,Super Police Bus,100.00 - 245.00 - 1.000,100.00 , 245.00 , 1.000,1,170
3369,2291,2291,Kids Items,Super Racing Vehicle,100.00 - 245.00 - 0.000,100.00 , 245.00 , 0.000,0,45
3370,2292,2292,Kids Items,Mini Cartoon R/C Car,1200.00 - 1890.00 - 1.000,1200.00 , 1890.00 , 1.000,1,1400
3252,2295,2295,Art,Rabbit Hair Band,100.00 - 285.00 - 2.000,100.00 , 285.00 , 2.000,2,200
3253,2296,2296,Art,Wool Hair Clip,120.00 - 285.00 - 0.000,120.00 , 285.00 , 0.000,0,85
2708,2297,2297,Other,Denim Dye,110.00 - 200.00 - 0.000,110.00 , 200.00 , 0.000,0,0
254,2298,2298,Hair care,Hair Band F/W,100.00 - 265.00 - 6.000,100.00 , 265.00 , 6.000,6,200
255,2299,2299,Hair care,Hair band,60.00 - 145.00 - 0.000,60.00 , 145.00 , 0.000,34,100
256,2300,2300,Hair care,Bool s/t S,45.00 - 125.00 - 35.000,45.00 , 125.00 , 35.000,35,100
257,2301,2301,Hair care,Bool s/t L,50.00 - 135.00 - 37.000,50.00 , 135.00 , 37.000,37,100
2709,2302,2302,Other,Keychain,100.00 - 245.00 - 10.000,100.00 , 245.00 , 10.000,10,45
258,2303,2303,Hair care,Hair pack s,15.00 - 35.00 - 7.000,15.00 , 35.00 , 7.000,7,30
2474,2304,2304,Bags &,Adidas Guiter Bag,700.00 - 1490.00 - 9.000,700.00 , 1490.00 , 9.000,9,1000
2475,2305,2305,Bags &,Tommy Boys Side Bag,700.00 - 1490.00 - 3.000,700.00 , 1490.00 , 3.000,3,1200
2476,2306,2306,Bags &,Disign Ladies Side Bag,700.00 - 1390.00 - 3.000,700.00 , 1390.00 , 3.000,3,190
2477,2307,2307,Bags &,Welzhina Class Bag,1250.00 - 2490.00 - 1.000,1250.00 , 2490.00 , 1.000,1,1800
2478,2308,2308,Bags &,Haert Disign Class Bags,1200.00 - 2395.00 - 2.000,1200.00 , 2395.00 , 2.000,2,295
2479,2309,2309,Bags &,Pre School Wool Bag,700.00 - 1490.00 - 1.000,700.00 , 1490.00 , 1.000,1,290
2480,2310,2310,Bags &,Ladies Small Side Bag,1050.00 - 1790.00 - 1.000,1050.00 , 1790.00 , 1.000,1,1500
2481,2311,2311,Bags &,Ladies BIg Size Bag,700.00 - 1490.00 - 1.000,700.00 , 1490.00 , 1.000,1,1300
2482,2312,2312,Bags &,Classic Class Bag,1200.00 - 2395.00 - 9.000,1200.00 , 2395.00 , 9.000,9,1700
2483,2313,2313,Bags &,Best Classic Bag,1400.00 - 2690.00 - 8.000,1400.00 , 2690.00 , 8.000,8,1800
2484,2314,2314,Bags &,Fasion Way Ladeis Bag,1300.00 - 2590.00 - 3.000,1300.00 , 2590.00 , 3.000,3,290
2485,2315,2315,Bags &,Jed Backers Side Bag,600.00 - 1190.00 - 5.000,600.00 , 1190.00 , 5.000,5,1000
2486,2316,2316,Bags &,Fasion Dide bag,560.00 - 1050.00 - 18.000,560.00 , 1050.00 , 18.000,18,750
2487,2329,2329,Bags &,Ladies Hand Bag With,1200.00 - 2490.00 - 0.000,1200.00 , 2490.00 , 0.000,0,2000
2488,2330,2330,Bags &,Ladies Hand Bag With Purss,1200.00 - 2490.00 - 2.000,1200.00 , 2490.00 , 2.000,2,2000
2489,2331,2331,Bags &,Ladies Hand Bag Check,1000.00 - 2190.00 - 4.000,1000.00 , 2190.00 , 4.000,4,1600
2490,2332,2332,Bags &,Fashion Ladies Hand Bag,1000.00 - 2150.00 - 2.000,1000.00 , 2150.00 , 2.000,2,1700
2491,2333,2333,Bags &,Diar Ladies Hand Bag,1000.00 - 2190.00 - 1.000,1000.00 , 2190.00 , 1.000,1,1900
2492,2334,2334,Bags &,Flower Disign L/Hand Bag,1000.00 - 2190.00 - 1.000,1000.00 , 2190.00 , 1.000,1,1700
2493,2335,2335,Bags &,Half Moon Ladies Hand Bag,1100.00 - 1890.00 - 0.000,1100.00 , 1890.00 , 0.000,0,190
2494,2336,2336,Bags &,Ladies Hand Bag,1000.00 - 1890.00 - 4.000,1000.00 , 1890.00 , 4.000,4,1500
2495,2337,2337,Bags &,Bow Market Bag,150.00 - 295.00 - 0.000,150.00 , 295.00 , 0.000,0,45
2496,2338,2338,Bags &,Thinner Ladies Hand Bag,1200.00 - 2490.00 - 2.000,1200.00 , 2490.00 , 2.000,2,2000
2497,2339,2339,Bags &,Plastic Handle L/Bag,500.00 - 895.00 - 0.000,500.00 , 895.00 , 0.000,0,95
2498,2340,2340,Bags &,Classic Ladies Hand Bag,1000.00 - 1990.00 - 7.000,1000.00 , 1990.00 , 7.000,7,1600
2499,2341,2341,Bags &,Amelia Ladies Side Bag,1000.00 - 1890.00 - 1.000,1000.00 , 1890.00 , 1.000,1,1500
2500,2342,2342,Bags &,Kitty Ladies Side Bag,1000.00 - 1890.00 - 0.000,1000.00 , 1890.00 , 0.000,0,190
2501,2343,2343,Bags &,U Ladies Hand Bag,1000.00 - 2190.00 - 0.000,1000.00 , 2190.00 , 0.000,0,290
2502,2344,2344,Bags &,Rabbit Class Bag,700.00 - 1890.00 - 0.000,700.00 , 1890.00 , 0.000,0,290
2503,2345,2345,Bags &,Bolsas Ladher Bag,2000.00 - 3890.00 - 1.000,2000.00 , 3890.00 , 1.000,1,3300
2504,2346,2346,Bags &,NH Side Bag,700.00 - 1395.00 - 2.000,700.00 , 1395.00 , 2.000,2,1200
2505,2347,2347,Bags &,Fasion Side Bag,900.00 - 1790.00 - 1.000,900.00 , 1790.00 , 1.000,1,1300
2506,2348,2348,Bags &,Ladies Side Bag,700.00 - 1490.00 - 1.000,700.00 , 1490.00 , 1.000,1,1200
2507,2349,2349,Bags &,Rounded Chain Ladies Side,500.00 - 1290.00 - 0.000,500.00 , 1290.00 , 0.000,0,190
2508,2350,2350,Bags &,Ladies Hand Bag With,800.00 - 1690.00 - 2.000,800.00 , 1690.00 , 2.000,2,1500
2509,2351,2351,Bags &,Ladies Hand Purss,100.00 - 265.00 - 3.000,100.00 , 265.00 , 3.000,3,180
2510,2352,2352,Bags &,Crisby Ladies Hand Bag,1200.00 - 2590.00 - 3.000,1200.00 , 2590.00 , 3.000,3,2000
2511,2353,2353,Bags &,Vicria Ladies Hand Bag,1200.00 - 2490.00 - 7.000,1200.00 , 2490.00 , 7.000,7,2000
2512,2354,2354,Bags &,Ladies Hand Bag With,1200.00 - 2490.00 - 1.000,1200.00 , 2490.00 , 1.000,1,1900
2513,2355,2355,Bags &,Victoria Ladies Hand Bag,1200.00 - 2490.00 - 0.000,1200.00 , 2490.00 , 0.000,0,390
2514,2356,2356,Bags &,Ladies Hand Bag Chain,1200.00 - 2490.00 - 4.000,1200.00 , 2490.00 , 4.000,4,390
2515,2357,2357,Bags &,Ladies Hand Bag With,1200.00 - 2295.00 - 1.000,1200.00 , 2295.00 , 1.000,1,395
2516,2358,2358,Bags &,CC Ladies Side Bag,700.00 - 1390.00 - 2.000,700.00 , 1390.00 , 2.000,2,1200
2517,2359,2359,Bags &,Ladies Ladher Side Bag,500.00 - 895.00 - 3.000,500.00 , 895.00 , 3.000,3,600
2518,2360,2360,Bags &,Samsonite Side Bag,300.00 - 590.00 - 3.000,300.00 , 590.00 , 3.000,3,500
2519,2361,2361,Bags &,Clear Bag,350.00 - 685.00 - 2.000,350.00 , 685.00 , 2.000,2,550
2520,2362,2362,Bags &,Escape Ladies Hand Bag,1200.00 - 2190.00 - 2.000,1200.00 , 2190.00 , 2.000,2,1800
2521,2363,2363,Bags &,Sri Lanka Store Bag,1600.00 - 2990.00 - 5.000,1600.00 , 2990.00 , 5.000,5,2000
2522,2364,2364,Bags &,Fila School Bag,1200.00 - 2390.00 - 4.000,1200.00 , 2390.00 , 4.000,4,2100
2523,2365,2365,Bags &,Dmax School Bag,2050.00 - 3450.00 - 1.000,2050.00 , 3450.00 , 1.000,1,3000
2524,2366,2366,Bags &,Dmax Every Story Bag,1500.00 - 2985.00 - 7.000,1500.00 , 2985.00 , 7.000,7,2000
2525,2367,2367,Bags &,Columbia Explo 50L S/Bag,1700.00 - 3190.00 - 6.000,1700.00 , 3190.00 , 6.000,6,2500
2527,2368,2368,Bags &,Dmax School Bag 2368,1700.00 - 2990.00 - 1.000,1700.00 , 2990.00 , 1.000,1,2500
2528,2369,2369,Bags &,Dmax School Bag 2369,2100.00 - 3690.00 - 0.000,2100.00 , 3690.00 , 0.000,0,3000
2529,2370,2370,Bags &,Princess School Bag 2370,2100.00 - 3690.00 - 5.000,2100.00 , 3690.00 , 5.000,5,3000
2530,2371,2371,Bags &,Tanxianghe School Bag,1200.00 - 2390.00 - 4.000,1200.00 , 2390.00 , 4.000,4,1600
2531,2372,2372,Bags &,Swissgear 45L School Bag,1300.00 - 2390.00 - 2.000,1300.00 , 2390.00 , 2.000,2,2000
2532,2373,2373,Bags &,Dmax School Bag 2373,2100.00 - 3690.00 - 2.000,2100.00 , 3690.00 , 2.000,2,3000
2533,2374,2374,Bags &,Tanxianghe Silk School Bag,1500.00 - 2990.00 - 3.000,1500.00 , 2990.00 , 3.000,3,2500
2534,2375,2375,Bags &,Dmax Sports Brand School,2100.00 - 3790.00 - 1.000,2100.00 , 3790.00 , 1.000,1,3000
2535,2376,2376,Bags &,Dmax Lap School Bag 2376,2100.00 - 3790.00 - 2.000,2100.00 , 3790.00 , 2.000,2,3300
2536,2377,2377,Bags &,The North Face E401 S/Bag,2600.00 - 3985.00 - 2.000,2600.00 , 3985.00 , 2.000,2,3000
2537,2378,2378,Bags &,Rose Pink School Bag 2378,1850.00 - 3125.00 - 1.000,1850.00 , 3125.00 , 1.000,1,2700
2538,2379,2379,Bags &,Nike School Bag ( OMSR ),2000.00 - 2950.00 - 0.000,2000.00 , 2950.00 , 0.000,0,50
2539,2380,2380,Bags &,Tommy School Bag 2380,2000.00 - 2950.00 - 4.000,2000.00 , 2950.00 , 4.000,4,2500
2540,2381,2381,Bags &,Lenovo School Bag 2381,1300.00 - 2690.00 - 4.000,1300.00 , 2690.00 , 4.000,4,2000
2541,2382,2382,Bags &,Deedat School Bag 2382,1900.00 - 3490.00 - 4.000,1900.00 , 3490.00 , 4.000,4,2700
2542,2383,2383,Bags &,Tawang School Bag 2383,2400.00 - 3890.00 - 6.000,2400.00 , 3890.00 , 6.000,6,3400
2543,2384,2384,Bags &,Columbia 40L School Bag,1300.00 - 2390.00 - 2.000,1300.00 , 2390.00 , 2.000,2,2000
2544,2385,2385,Bags &,Flower Hand Bag 2385,1200.00 - 2490.00 - 3.000,1200.00 , 2490.00 , 3.000,3,2000
2545,2386,2386,Bags &,Reebok School Bag,1500.00 - 2490.00 - 3.000,1500.00 , 2490.00 , 3.000,3,2000
2546,2387,2387,Bags &,Under Armour School Bag,1400.00 - 2690.00 - 2.000,1400.00 , 2690.00 , 2.000,2,2000
2547,2388,2388,Bags &,Columbia Rain Coat,5000.00 - 6850.00 - 1.000,5000.00 , 6850.00 , 1.000,1,6300
2548,2389,2389,Bags &,Osprey 77L School Bag,4300.00 - 6895.00 - 1.000,4300.00 , 6895.00 , 1.000,1,6000
2549,2390,2390,Bags &,Columbia 55L School Bag,2700.00 - 4150.00 - 2.000,2700.00 , 4150.00 , 2.000,2,150
2550,2391,2391,Bags &,Adidas School Bag 2391,1200.00 - 2290.00 - 13.000,1200.00 , 2290.00 , 13.000,13,1600
2551,2392,2392,Bags &,Puma School Bag ( GDFS ),2000.00 - 2590.00 - 0.000,2000.00 , 2590.00 , 0.000,0,90
2552,2393,2393,Bags &,Tommy Hilfiger School Bag,1500.00 - 2290.00 - 1.000,1500.00 , 2290.00 , 1.000,1,1500
2553,2394,2394,Bags &,Fila School Bag 2394,1200.00 - 2290.00 - 10.000,1200.00 , 2290.00 , 10.000,10,1600
2554,2395,2395,Bags &,School Bag2395,1200.00 - 2390.00 - 17.000,1200.00 , 2390.00 , 17.000,17,1600
2555,2396,2396,Bags &,Moow School Bag ( GLSR ),2000.00 - 2690.00 - 0.000,2000.00 , 2690.00 , 0.000,0,190
2556,2397,2397,Bags &,Silk School Bag 2397,1100.00 - 2290.00 - 0.000,1100.00 , 2290.00 , 0.000,0,1900
2557,2398,2398,Bags &,Kitty Schyool Bag ( GESF ),2000.00 - 2890.00 - 0.000,2000.00 , 2890.00 , 0.000,0,90
2558,2399,2399,Bags &,Power Kids School Bag,800.00 - 1490.00 - 6.000,800.00 , 1490.00 , 6.000,6,1000
2559,2400,2400,Bags &,Sweet Bear School Bag (,2000.00 - 2890.00 - 0.000,2000.00 , 2890.00 , 0.000,0,90
2710,2402,2402,Other,Snow Spray Extra 88%,200.00 - 465.00 - 0.000,200.00 , 465.00 , 0.000,0,65
267,2405,2405,Hair care,Elevate Bool,40.00 - 100.00 - 82.000,40.00 , 100.00 , 82.000,82,80
3967,2406,2406,Watch &,WallClock Siddharth P222,2700.00 - 4650.00 - 1.000,2700.00 , 4650.00 , 1.000,1,3500
2143,2407,2407,Jewlery,Anklet 2407,180.00 - 395.00 - 5.000,180.00 , 395.00 , 5.000,5,250
2144,2408,2408,Jewlery,Jents Mala,150.00 - 365.00 - 0.000,150.00 , 365.00 , 0.000,0,65
2145,2409,2409,Jewlery,Anklet 2409,100.00 - 285.00 - 1.000,100.00 , 285.00 , 1.000,1,200
2146,2410,2410,Jewlery,Ladies Stone Ear Ring 925,50.00 - 165.00 - 11.000,50.00 , 165.00 , 11.000,11,105
2147,2411,2411,Jewlery,Gents Corde Chain 2411,120.00 - 275.00 - 0.000,120.00 , 275.00 , 0.000,0,180
2148,2412,2412,Jewlery,Gents Ladher Bangle,200.00 - 465.00 - 6.000,200.00 , 465.00 , 6.000,6,350
2149,2413,2413,Jewlery,Gents Silver Jewlery,160.00 - 465.00 - 2.000,160.00 , 465.00 , 2.000,2,300
2150,2414,2414,Jewlery,Gents Silver Jwell,180.00 - 465.00 - 0.000,180.00 , 465.00 , 0.000,0,85
2151,2415,2415,Jewlery,Ladies Stone Ear Rings,50.00 - 165.00 - 1.000,50.00 , 165.00 , 1.000,1,125
2152,2416,2416,Jewlery,Ladies Fasion Ear Rings,150.00 - 395.00 - 0.000,150.00 , 395.00 , 0.000,0,95
2153,2417,2417,Jewlery,Ladies Gold Jewlery,100.00 - 285.00 - 0.000,100.00 , 285.00 , 0.000,0,85
2154,2418,2418,Jewlery,Gypsy Ear Rings,100.00 - 285.00 - 0.000,100.00 , 285.00 , 0.000,0,85
2155,2419,2419,Jewlery,Tassel Ear Rings,200.00 - 495.00 - 5.000,200.00 , 495.00 , 5.000,5,350
2156,2420,2420,Jewlery,Jimiki Ear Rings,150.00 - 395.00 - 0.000,150.00 , 395.00 , 0.000,0,95
2157,2421,2421,Jewlery,Ladies Ear Ring Set 316L,150.00 - 365.00 - 1.000,150.00 , 365.00 , 1.000,1,265
2711,2422,2422,Other,Ladher Gents Bangles,100.00 - 265.00 - 3.000,100.00 , 265.00 , 3.000,3,180
2712,2423,2423,Other,Stainless Steel Gents,50.00 - 165.00 - 0.000,50.00 , 165.00 , 0.000,0,65
2158,2424,2424,Jewlery,Ladies Stone Pandons Jwell,50.00 - 125.00 - 3.000,50.00 , 125.00 , 3.000,3,75
2713,2425,2425,Other,Gents Bangles,100.00 - 465.00 - 0.000,100.00 , 465.00 , 0.000,0,115
2714,2426,2426,Other,Dream Plus Toe Rings,20.00 - 65.00 - 7.000,20.00 , 65.00 , 7.000,7,50
2159,2427,2427,Jewlery,Pandents With Ear Ring,150.00 - 395.00 - 2.000,150.00 , 395.00 , 2.000,2,280
2160,2428,2428,Jewlery,Anklet & Toe Ring,200.00 - 495.00 - 6.000,200.00 , 495.00 , 6.000,6,350
2561,2430,2430,Bags &,Steel Gents Bangles,130.00 - 295.00 - 0.000,130.00 , 295.00 , 0.000,0,55
2716,2431,2431,Other,Usb Charging Torch With,450.00 - 965.00 - 1.000,450.00 , 965.00 , 1.000,1,700
3793,5028,2437,Ladies &,Ladies Watch ...,600.00 - 1650.00 - 0.000,600.00 , 1650.00 , 0.000,0,1000
3715,2440,2440,Ladies &,Hublot Watches,600.00 - 1650.00 - 0.000,600.00 , 1650.00 , 0.000,0,1000
3717,2442,2442,Ladies &,Kids Watch G/L,350.00 - 790.00 - 2.000,350.00 , 790.00 , 2.000,2,600
3718,2443,2443,Ladies &,Ladies Watches,330.00 - 690.00 - 0.000,330.00 , 690.00 , 0.000,0,190
3720,2445,2445,Ladies &,ULTRA LED,270.00 - 690.00 - 11.000,270.00 , 690.00 , 11.000,11,400
3371,2446,2446,Kids Items,Band LED Watch,200.00 - 565.00 - 4.000,200.00 , 565.00 , 4.000,4,400
3721,2447,2447,Ladies &,Kids watch L/M,350.00 - 690.00 - 0.000,350.00 , 690.00 , 0.000,0,500
3723,2450,2450,Ladies &,Orix Gents Watch,850.00 - 1950.00 - 0.000,850.00 , 1950.00 , 0.000,0,500
3583,2453,2453,Elactricle,Panasonic,60.00 - 120.00 - 11.000,60.00 , 120.00 , 11.000,11,100
3728,2456,2456,Ladies &,S/T Gants Watche,450.00 - 1150.00 - 0.000,450.00 , 1150.00 , 0.000,0,350
3730,2458,2458,Ladies &,Date Steel watche,1300.00 - 2590.00 - 0.000,1300.00 , 2590.00 , 0.000,0,590
3969,2462,2462,Watch &,I8 Pro Max,1700.00 - 3250.00 - 1.000,1700.00 , 3250.00 , 1.000,1,2500
3734,2464,2464,Ladies &,Digital kits watche,140.00 - 325.00 - 0.000,140.00 , 325.00 , 0.000,0,100
3736,2466,2466,Ladies &,RueerBelt Gents watche,430.00 - 1100.00 - -2.000,430.00 , 1100.00 , -2.000,-2,450
3738,2468,2468,Ladies &,Watch Band,180.00 - 395.00 - 0.000,180.00 , 395.00 , 0.000,0,100
3740,2471,2471,Ladies &,Alarm Clock 6626,350.00 - 865.00 - 0.000,350.00 , 865.00 , 0.000,0,300
3741,2472,2472,Ladies &,Watche Box Lovers,80.00 - 200.00 - 0.000,80.00 , 200.00 , 0.000,0,50
3742,2473,2473,Ladies &,Watche Box,60.00 - 150.00 - 0.000,60.00 , 150.00 , 0.000,0,50
3743,2474,2474,Ladies &,Wall Clock 6048,700.00 - 1490.00 - 0.000,700.00 , 1490.00 , 0.000,0,490
2562,2494,2494,Bags &,Ladies Hand Bag [S] Size,1050.00 - 2190.00 - 5.000,1050.00 , 2190.00 , 5.000,5,1600
2563,2495,2495,Bags &,Ladies Hand Bag [L] Size,1200.00 - 2490.00 - 4.000,1200.00 , 2490.00 , 4.000,4,2000
2564,2496,2496,Bags &,Bear Classic Bag,850.00 - 1890.00 - 4.000,850.00 , 1890.00 , 4.000,4,1400
2565,2497,2497,Bags &,Echolac Classic Bag,1100.00 - 2290.00 - 3.000,1100.00 , 2290.00 , 3.000,3,1600
268,2498,2498,Hair care,Ever Fresh Ice Cool Cologne,320.00 - 430.00 - 1.000,320.00 , 430.00 , 1.000,1,430
269,2499,2499,Hair care,Ever Fresh Fenu/Cologne,320.00 - 430.00 - 3.000,320.00 , 430.00 , 3.000,3,430
270,2500,2500,Hair care,Ever Fresh Bayrum 350ml,320.00 - 430.00 - 2.000,320.00 , 430.00 , 2.000,2,430
271,2501,2501,Hair care,Ever Fresh After Shave,320.00 - 430.00 - 3.000,320.00 , 430.00 , 3.000,3,430
272,2502,2502,Hair care,Ever Fresh Shaving Gel,420.00 - 650.00 - 1.000,420.00 , 650.00 , 1.000,1,100
2526,2503,2503,Bags &,Columbia Explo 50L+5L,1700.00 - 3190.00 - 0.000,1700.00 , 3190.00 , 0.000,0,690
2566,2504,2504,Bags &,The North Face E50L S/Bags,2350.00 - 3890.00 - 6.000,2350.00 , 3890.00 , 6.000,6,3000
2567,2506,2506,Bags &,Kits Bag,200.00 - 495.00 - 1.000,200.00 , 495.00 , 1.000,1,400
3051,2507,2507,Baby Items,Rabbit HairBand,100.00 - 285.00 - 0.000,100.00 , 285.00 , 0.000,0,85
3052,2508,2508,Baby Items,Rabbit HairBand 02,150.00 - 365.00 - 0.000,150.00 , 365.00 , 0.000,0,65
2568,2509,2509,Bags &,Champions Small Treval,750.00 - 1490.00 - 4.000,750.00 , 1490.00 , 4.000,4,1000
2569,2510,2510,Bags &,Camel Mountain Travel Bag,1300.00 - 2590.00 - 5.000,1300.00 , 2590.00 , 5.000,5,1590
2570,2511,2511,Bags &,Columbia Small Travel Bag,750.00 - 1490.00 - 1.000,750.00 , 1490.00 , 1.000,1,1000
2571,2512,2512,Bags &,Columbia Larg Travel Bag,1000.00 - 1850.00 - 0.000,1000.00 , 1850.00 , 0.000,0,450
2572,2513,2513,Bags &,Samsonite Larg Travel Bag,1000.00 - 1850.00 - 0.000,1000.00 , 1850.00 , 0.000,0,450
2573,2514,2514,Bags &,Olimpic Larg Travel Bag,1350.00 - 2390.00 - 0.000,1350.00 , 2390.00 , 0.000,0,1900
2574,2515,2515,Bags &,Uthura Oryxes Travel Bag,1150.00 - 1890.00 - 0.000,1150.00 , 1890.00 , 0.000,0,490
2575,2516,2516,Bags &,Addas Midium Travel Bag,1300.00 - 2290.00 - 0.000,1300.00 , 2290.00 , 0.000,0,490
276,2549,2549,Hair care,Vatika Hair Cream Nourish,700.00 - 1190.00 - 1.000,700.00 , 1190.00 , 1.000,1,1000
3372,2550,2550,Kids Items,Bubble (S),45.00 - 90.00 - 0.000,45.00 , 90.00 , 0.000,0,70
3373,2551,2551,Kids Items,Bubble (L),50.00 - 120.00 - 0.000,50.00 , 120.00 , 0.000,0,100
2009,2552,2552,Makeup,Charle Powder No,200.00 - 495.00 - 2.000,200.00 , 495.00 , 2.000,2,350
2717,2553,2553,Other,Sun Safty Pin,15.00 - 30.00 - 40.000,15.00 , 30.00 , 40.000,40,30
3054,2555,2555,Baby Items,Nepi (M),50.00 - 80.00 - 0.000,50.00 , 80.00 , 0.000,0,5
3055,2556,2556,Baby Items,Nepi (L),80.00 - 130.00 - 0.000,80.00 , 130.00 , 0.000,0,5
3056,2557,2557,Baby Items,Real Socks (M),90.00 - 175.00 - 14.000,90.00 , 175.00 , 14.000,14,145
1996,2558,2558,Salon,Combs L,35.00 - 70.00 - 2.000,35.00 , 70.00 , 2.000,2,60
1997,2559,2559,Salon,Ladies Comb,50.00 - 100.00 - 5.000,50.00 , 100.00 , 5.000,5,80
1998,2560,2560,Salon,Raja Comb,30.00 - 60.00 - 12.000,30.00 , 60.00 , 12.000,12,50
3140,2561,2561,Educational,Water Bottle Sports,500.00 - 795.00 - 0.000,500.00 , 795.00 , 0.000,0,95
3141,2562,2562,Educational,Water Bottle Sports A,700.00 - 965.00 - 0.000,700.00 , 965.00 , 0.000,0,150
3142,2563,2563,Educational,Water Bottle Happy,550.00 - 895.00 - 0.000,550.00 , 895.00 , 0.000,0,145
3145,2566,2566,Educational,Water Bottle SUP,540.00 - 985.00 - 0.000,540.00 , 985.00 , 0.000,0,135
3146,2567,2567,Educational,"Water Bottle,",650.00 - 1100.00 - -1.000,650.00 , 1100.00 , -1.000,-1,750
277,2575,2575,Hair care,Hair Band F,120.00 - 285.00 - 10.000,120.00 , 285.00 , 10.000,10,200
278,2576,2576,Hair care,Hair pack m/t,60.00 - 130.00 - 6.000,60.00 , 130.00 , 6.000,6,100
279,2577,2577,Hair care,Hair pack L,75.00 - 165.00 - 14.000,75.00 , 165.00 , 14.000,14,120
280,2578,2578,Hair care,Hair pack M,40.00 - 85.00 - 1.000,40.00 , 85.00 , 1.000,1,60
281,2579,2579,Hair care,Hair pack .,32.00 - 75.00 - 2.000,32.00 , 75.00 , 2.000,2,60
3057,2580,2580,Baby Items,Hudson Baby Set W28132,760.00 - 1190.00 - 0.000,760.00 , 1190.00 , 0.000,0,1190
3712,2437,2586,Ladies &,Watches Ladies Steel,650.00 - 1650.00 - 1.000,650.00 , 1650.00 , 1.000,1,1100
3711,2436,2587,Ladies &,Watches Ladies,480.00 - 1290.00 - 0.000,480.00 , 1290.00 , 0.000,0,750
3733,2463,2589,Ladies &,Steel Citizen watche,650.00 - 1390.00 - 0.000,650.00 , 1390.00 , 0.000,0,490
3745,2597,2597,Ladies &,Ladies Watch 2597,320.00 - 690.00 - 3.000,320.00 , 690.00 , 3.000,3,450
287,2615,2615,Hair care,"Hair pack No243-3,4",150.00 - 325.00 - 25.000,150.00 , 325.00 , 25.000,25,250
288,2616,2616,Hair care,Hair pack No243-1,90.00 - 245.00 - 8.000,90.00 , 245.00 , 8.000,8,200
289,2617,2617,Hair care,Hair pack 243-2,120.00 - 285.00 - 4.000,120.00 , 285.00 , 4.000,4,220
290,2618,2618,Hair care,Hair pack No1025-7,70.00 - 160.00 - 11.000,70.00 , 160.00 , 11.000,11,120
291,2619,2619,Hair care,Hair pack 1216-29,70.00 - 160.00 - 0.000,70.00 , 160.00 , 0.000,0,120
292,2620,2620,Hair care,Hair pack No1025-22,100.00 - 225.00 - 8.000,100.00 , 225.00 , 8.000,8,180
293,2621,2621,Hair care,Hair pack No1216-24,65.00 - 145.00 - 7.000,65.00 , 145.00 , 7.000,7,100
294,2622,2622,Hair care,Hair pack No1025,60.00 - 150.00 - 1.000,60.00 , 150.00 , 1.000,1,100
1283,2623,2623,Skin care,Hair pack No1216-22,55.00 - 135.00 - 0.000,55.00 , 135.00 , 0.000,0,100
2163,2629,2629,Jewlery,Earing No2525,15.00 - 80.00 - 131.000,15.00 , 80.00 , 131.000,131,50
2164,2630,2630,Jewlery,Earing No2630,20.00 - 80.00 - 85.000,20.00 , 80.00 , 85.000,85,50
2165,2631,2631,Jewlery,Earing No 2631,30.00 - 125.00 - 19.000,30.00 , 125.00 , 19.000,19,75
2166,2632,2632,Jewlery,Earing No2632,40.00 - 125.00 - 119.000,40.00 , 125.00 , 119.000,119,75
3732,2461,2664,Ladies &,Gold Steel Gants watche,2050.00 - 3950.00 - 0.000,2050.00 , 3950.00 , 0.000,0,550
2167,2674,2674,Jewlery,Gents Corde Chain,100.00 - 285.00 - 120.000,100.00 , 285.00 , 120.000,120,200
2168,2675,2675,Jewlery,Pearl Glass Bracelet,150.00 - 365.00 - 17.000,150.00 , 365.00 , 17.000,17,250
2169,2676,2676,Jewlery,Bracelet Pearl Brown,80.00 - 225.00 - 6.000,80.00 , 225.00 , 6.000,6,160
2170,2677,2677,Jewlery,Bracelet Pendent Black,100.00 - 265.00 - 0.000,100.00 , 265.00 , 0.000,0,200
2171,2678,2678,Jewlery,Dream Catcher L2678,600.00 - 985.00 - 2.000,600.00 , 985.00 , 2.000,2,800
2466,2679,2679,Lovers,Dream Catcher 2679,400.00 - 890.00 - 0.000,400.00 , 890.00 , 0.000,0,700
2467,2680,2680,Lovers,Dream Catcher 2680,300.00 - 695.00 - 1.000,300.00 , 695.00 , 1.000,1,500
2468,2681,2681,Lovers,Dream Catcher 2681,250.00 - 590.00 - 0.000,250.00 , 590.00 , 0.000,0,450
3746,2682,2682,Ladies &,Longines watch,2600.00 - 4690.00 - 1.000,2600.00 , 4690.00 , 1.000,1,4000
3747,2683,2683,Ladies &,Longbo Ladies watche,1000.00 - 2290.00 - 0.000,1000.00 , 2290.00 , 0.000,0,1750
1293,2692,2692,Skin care,Nature Pawer Papaya B/L,185.00 - 690.00 - 1.000,185.00 , 690.00 , 1.000,1,400
1301,2700,2700,Skin care,Foil 50mx10cm,490.00 - 890.00 - 1.000,490.00 , 890.00 , 1.000,1,700
2718,2712,2712,Other,KEY Chain 5910-25,90.00 - 225.00 - 0.000,90.00 , 225.00 , 0.000,0,180
2719,2713,2713,Other,KEY Chain 2713,45.00 - 110.00 - 27.000,45.00 , 110.00 , 27.000,27,80
2720,2714,2714,Other,KEY Chain 2714,65.00 - 150.00 - 3.000,65.00 , 150.00 , 3.000,3,120
2721,2715,2715,Other,KEY Chain 2715,67.00 - 165.00 - 11.000,67.00 , 165.00 , 11.000,11,120
3374,2716,2716,Kids Items,KEY Chain 2716,20.00 - 50.00 - 0.000,20.00 , 50.00 , 0.000,0,40
3375,2717,2717,Kids Items,KEY Chain 2717,100.00 - 250.00 - 0.000,100.00 , 250.00 , 0.000,0,200
3376,2718,2718,Kids Items,Alloy Bulty Car 2718,195.00 - 485.00 - 0.000,195.00 , 485.00 , 0.000,0,350
3377,2720,2720,Kids Items,Block Toy En-71,750.00 - 1595.00 - 0.000,750.00 , 1595.00 , 0.000,0,1000
3378,2722,2722,Kids Items,Flashing Spiky ball,110.00 - 265.00 - 7.000,110.00 , 265.00 , 7.000,7,170
3379,2723,2723,Kids Items,Flashing Light ball Small,110.00 - 265.00 - 0.000,110.00 , 265.00 , 0.000,0,200
301,2724,2724,Hair care,Back Comb,50.00 - 165.00 - 21.000,50.00 , 165.00 , 21.000,21,100
2469,2729,2729,Lovers,Hair pack 2729,120.00 - 325.00 - 0.000,120.00 , 325.00 , 0.000,0,250
2470,2730,2730,Lovers,Hair pack Black 2730,100.00 - 235.00 - 0.000,100.00 , 235.00 , 0.000,0,180
302,2731,2731,Hair care,Hair pack 2731,120.00 - 285.00 - 0.000,120.00 , 285.00 , 0.000,0,200
2471,2732,2732,Lovers,Hair pack 2732,80.00 - 185.00 - 0.000,80.00 , 185.00 , 0.000,0,140
2472,2733,2733,Lovers,Hair pack 2733,100.00 - 245.00 - 3.000,100.00 , 245.00 , 3.000,3,180
546,4521,2734,Hair care,1*5 Hair Pack,50.00 - 100.00 - 7.000,50.00 , 100.00 , 7.000,7,100
3749,2744,2744,Ladies &,Gents Steel Watch,325.00 - 1150.00 - 1.000,325.00 , 1150.00 , 1.000,1,700
3750,2745,2745,Ladies &,Rexol Gents Watche,450.00 - 1150.00 - 2.000,450.00 , 1150.00 , 2.000,2,800
2576,2755,2755,Bags &,HandBag,2500.00 - 4490.00 - 110.000,2500.00 , 4490.00 , 110.000,110,3000
315,2756,2756,Hair care,Synthetic Hair Wig,850.00 - 1650.00 - 3.000,850.00 , 1650.00 , 3.000,3,1200
2012,2757,2757,Makeup,Nail Atr,32.50 - 110.00 - 54.000,32.50 , 110.00 , 54.000,54,70
2577,2764,2764,Bags &,Caple Hand Bag,2600.00 - 4250.00 - 0.000,2600.00 , 4250.00 , 0.000,0,250
2723,2765,2765,Other,Manyidi Fashion Ladies,925.00 - 1795.00 - 0.000,925.00 , 1795.00 , 0.000,0,295
2724,2766,2766,Other,Fashion & Classic Ladies,900.00 - 1695.00 - 0.000,900.00 , 1695.00 , 0.000,0,1400
2725,2767,2767,Other,Tik Ladies Purses 2767,900.00 - 1695.00 - 1.000,900.00 , 1695.00 , 1.000,1,1300
320,2774,2774,Hair care,Hair bool,75.00 - 165.00 - 8.000,75.00 , 165.00 , 8.000,8,130
321,2775,2775,Hair care,Jiamei,75.00 - 165.00 - 1.000,75.00 , 165.00 , 1.000,1,125
322,2776,2776,Hair care,K K Jewelry,100.00 - 235.00 - 10.000,100.00 , 235.00 , 10.000,10,200
323,2777,2777,Hair care,Chen Qiang,75.00 - 165.00 - 0.000,75.00 , 165.00 , 0.000,0,125
324,2778,2778,Hair care,Hot Style,100.00 - 225.00 - 3.000,100.00 , 225.00 , 3.000,3,180
325,2779,2779,Hair care,Couple bool,60.00 - 165.00 - 9.000,60.00 , 165.00 , 9.000,9,100
326,2780,2780,Hair care,Fashion bool,135.00 - 325.00 - 3.000,135.00 , 325.00 , 3.000,3,250
327,2781,2781,Hair care,Headware Clip,75.00 - 175.00 - 0.000,75.00 , 175.00 , 0.000,0,130
328,2782,2782,Hair care,Hand Made Bool,100.00 - 265.00 - 9.000,100.00 , 265.00 , 9.000,9,200
329,2783,2783,Hair care,Double Bool,100.00 - 265.00 - 0.000,100.00 , 265.00 , 0.000,0,150
330,2784,2784,Hair care,Xingyihan Bool,90.00 - 225.00 - 5.000,90.00 , 225.00 , 5.000,5,150
332,2786,2786,Hair care,Bow Bool,125.00 - 285.00 - 4.000,125.00 , 285.00 , 4.000,4,230
331,2787,2787,Hair care,Hand Made Double Bool,100.00 - 265.00 - 22.000,100.00 , 265.00 , 22.000,22,200
333,2788,2788,Hair care,Sunglass Bool,100.00 - 225.00 - 9.000,100.00 , 225.00 , 9.000,9,200
2172,2789,2789,Jewlery,Plastic Bangles 2789,80.00 - 165.00 - 20.000,80.00 , 165.00 , 20.000,20,100
334,2790,2790,Hair care,Rabbit Bool,100.00 - 265.00 - 5.000,100.00 , 265.00 , 5.000,5,200
335,2791,2791,Hair care,Star Bool,100.00 - 225.00 - 7.000,100.00 , 225.00 , 7.000,7,150
336,2792,2792,Hair care,Butterfly Bool,60.00 - 135.00 - 0.000,60.00 , 135.00 , 0.000,0,110
337,2793,2793,Hair care,Shengjie Bool,30.00 - 85.00 - 8.000,30.00 , 85.00 , 8.000,8,50
338,2794,2794,Hair care,Shengjie Set Bool,85.00 - 185.00 - 5.000,85.00 , 185.00 , 5.000,5,150
339,2795,2795,Hair care,Single Bool,30.00 - 70.00 - 0.000,30.00 , 70.00 , 0.000,0,60
340,2796,2796,Hair care,Accessery Clip,50.00 - 125.00 - 9.000,50.00 , 125.00 , 9.000,9,80
341,2797,2797,Hair care,Single Rubber Bool,20.00 - 40.00 - 0.000,20.00 , 40.00 , 0.000,0,40
342,2798,2798,Hair care,Double Rubber Bool,30.00 - 75.00 - 0.000,30.00 , 75.00 , 0.000,0,70
343,2799,2799,Hair care,Hair Clip,35.00 - 75.00 - 5.000,35.00 , 75.00 , 5.000,5,70
344,2800,2800,Hair care,Heart Single Bool,20.00 - 40.00 - 8.000,20.00 , 40.00 , 8.000,8,30
345,2801,2801,Hair care,Gold 3Bar Bool,40.00 - 100.00 - 5.000,40.00 , 100.00 , 5.000,5,80
346,2802,2802,Hair care,Rose Flower Bool,250.00 - 575.00 - 0.000,250.00 , 575.00 , 0.000,0,500
347,2803,2803,Hair care,Hair Pincer,50.00 - 150.00 - 0.000,50.00 , 150.00 , 0.000,0,130
348,2804,2804,Hair care,Hair Clew,30.00 - 80.00 - 3.000,30.00 , 80.00 , 3.000,3,60
349,2805,2805,Hair care,Plastic Hair Pin,20.00 - 50.00 - 5.000,20.00 , 50.00 , 5.000,5,50
350,2806,2806,Hair care,2 Flower Hair Pack,50.00 - 150.00 - 8.000,50.00 , 150.00 , 8.000,8,130
351,2807,2807,Hair care,Black & White Clip,50.00 - 125.00 - 0.000,50.00 , 125.00 , 0.000,0,100
352,2808,2808,Hair care,Large Hair Claw,60.00 - 145.00 - 4.000,60.00 , 145.00 , 4.000,4,100
353,2809,2809,Hair care,X-23 Hair pag,60.00 - 135.00 - 0.000,60.00 , 135.00 , 0.000,0,100
354,2810,2810,Hair care,Small Hair pag,60.00 - 125.00 - 2.000,60.00 , 125.00 , 2.000,2,100
355,2811,2811,Hair care,BTF-160 Hair Pag,60.00 - 145.00 - 2.000,60.00 , 145.00 , 2.000,2,130
356,2812,2812,Hair care,BTF-421 Hair Pag,80.00 - 195.00 - 0.000,80.00 , 195.00 , 0.000,0,170
357,2813,2813,Hair care,BTF-177 Hair Pag,50.00 - 110.00 - 0.000,50.00 , 110.00 , 0.000,0,100
358,2814,2814,Hair care,LH-213 Hair Pag,60.00 - 145.00 - 0.000,60.00 , 145.00 , 0.000,0,100
359,2815,2815,Hair care,Glass Hair Pag,100.00 - 245.00 - 3.000,100.00 , 245.00 , 3.000,3,200
360,2816,2816,Hair care,Bow Flower Hair Pag,60.00 - 150.00 - 0.000,60.00 , 150.00 , 0.000,0,130
361,2817,2817,Hair care,BTF-222 Hair Pag,60.00 - 150.00 - 4.000,60.00 , 150.00 , 4.000,4,100
362,2818,2818,Hair care,Box Hair Pag,100.00 - 245.00 - 0.000,100.00 , 245.00 , 0.000,0,200
363,2819,2819,Hair care,Bow Hair Pag,50.00 - 110.00 - 4.000,50.00 , 110.00 , 4.000,4,100
364,2820,2820,Hair care,Hair Pag 2820,50.00 - 100.00 - 5.000,50.00 , 100.00 , 5.000,5,80
365,2821,2821,Hair care,Hair Pag 2821,60.00 - 135.00 - 0.000,60.00 , 135.00 , 0.000,0,100
366,2822,2822,Hair care,Hair Pag 2822,100.00 - 225.00 - 0.000,100.00 , 225.00 , 0.000,0,200
367,2823,2823,Hair care,Hair Pag D060-1,50.00 - 125.00 - 0.000,50.00 , 125.00 , 0.000,0,100
368,2824,2824,Hair care,Hair Pag 2824,60.00 - 150.00 - 0.000,60.00 , 150.00 , 0.000,0,130
369,2825,2825,Hair care,Hair Pag BTF-158,50.00 - 110.00 - 0.000,50.00 , 110.00 , 0.000,0,100
370,2826,2826,Hair care,Hair Band Net,60.00 - 165.00 - 1.000,60.00 , 165.00 , 1.000,1,100
371,2827,2827,Hair care,Hair Band 2827,75.00 - 165.00 - 2.000,75.00 , 165.00 , 2.000,2,130
372,2828,2828,Hair care,Hair Band 2828,59.00 - 125.00 - 4.000,59.00 , 125.00 , 4.000,4,100
373,2829,2829,Hair care,Hair band 2829,45.00 - 135.00 - 0.000,45.00 , 135.00 , 0.000,0,100
374,2830,2830,Hair care,Hand Band 2830,45.00 - 135.00 - 59.000,45.00 , 135.00 , 59.000,59,100
375,2831,2831,Hair care,Hair Band 2831,50.00 - 125.00 - 1.000,50.00 , 125.00 , 1.000,1,100
376,2832,2832,Hair care,Hair Band 2832,45.00 - 135.00 - 0.000,45.00 , 135.00 , 0.000,0,100
377,2833,2833,Hair care,Hair Band 2833,45.00 - 135.00 - 8.000,45.00 , 135.00 , 8.000,8,100
378,2834,2834,Hair care,Hair cap,125.00 - 295.00 - 3.000,125.00 , 295.00 , 3.000,3,250
379,2835,2835,Hair care,Hair Pag 2835,50.00 - 135.00 - 2.000,50.00 , 135.00 , 2.000,2,100
380,2836,2836,Hair care,Hair Band 2836,100.00 - 265.00 - 0.000,100.00 , 265.00 , 0.000,0,200
381,2837,2837,Hair care,Hair Band 2837,60.00 - 165.00 - 0.000,60.00 , 165.00 , 0.000,0,100
382,2838,2838,Hair care,Hair Band 2838,60.00 - 150.00 - 0.000,60.00 , 150.00 , 0.000,0,120
383,2839,2839,Hair care,Hair Band 2839,50.00 - 130.00 - 1.000,50.00 , 130.00 , 1.000,1,80
384,2840,2840,Hair care,Hair Band 2840,120.00 - 245.00 - 6.000,120.00 , 245.00 , 6.000,6,200
385,2841,2841,Hair care,Hair Band 2841,50.00 - 130.00 - 0.000,50.00 , 130.00 , 0.000,0,100
386,2842,2842,Hair care,Hair Band 2842,120.00 - 285.00 - 0.000,120.00 , 285.00 , 0.000,0,250
387,2843,2843,Hair care,Crown Band,100.00 - 225.00 - 3.000,100.00 , 225.00 , 3.000,3,170
388,2844,2844,Hair care,Hair Band 2844,150.00 - 365.00 - 1.000,150.00 , 365.00 , 1.000,1,250
389,2845,2845,Hair care,Hair Band 2845,130.00 - 295.00 - 0.000,130.00 , 295.00 , 0.000,0,260
390,2846,2846,Hair care,Bob Pin,50.00 - 120.00 - 0.000,50.00 , 120.00 , 0.000,0,100
391,2847,2847,Hair care,Hair Pin Ball Tip,35.00 - 100.00 - 0.000,35.00 , 100.00 , 0.000,0,80
392,2848,2848,Hair care,Anmol Hair Ornaments,30.00 - 115.00 - 1.000,30.00 , 115.00 , 1.000,1,80
393,2849,2849,Hair care,Nickle Hair Pin,60.00 - 140.00 - 17.000,60.00 , 140.00 , 17.000,17,100
394,2850,2850,Hair care,Hair Clip Center point,100.00 - 225.00 - 10.000,100.00 , 225.00 , 10.000,10,180
395,2851,2851,Hair care,Hair Clip Wood Center,100.00 - 225.00 - 1.000,100.00 , 225.00 , 1.000,1,180
396,2852,2852,Hair care,Hair Clip Barby Girl,20.00 - 40.00 - 0.000,20.00 , 40.00 , 0.000,0,40
397,2853,2853,Hair care,Hair Clip Metro,125.00 - 265.00 - 9.000,125.00 , 265.00 , 9.000,9,230
398,2854,2854,Hair care,Hair Clip Shakti,40.00 - 135.00 - 1.000,40.00 , 135.00 , 1.000,1,80
399,2855,2855,Hair care,Hair Clip Double Heart CP,120.00 - 265.00 - 1.000,120.00 , 265.00 , 1.000,1,220
400,2856,2856,Hair care,Hair Clip 2856,60.00 - 145.00 - 7.000,60.00 , 145.00 , 7.000,7,100
401,2857,2857,Hair care,Hair Clip Aanya,30.00 - 65.00 - 0.000,30.00 , 65.00 , 0.000,0,60
402,2858,2858,Hair care,Hair Clip 2858,80.00 - 225.00 - 0.000,80.00 , 225.00 , 0.000,0,150
403,2859,2859,Hair care,Hair Clip 2859,30.00 - 65.00 - 15.000,30.00 , 65.00 , 15.000,15,60
404,2860,2860,Hair care,Hair Clip 2860,120.00 - 265.00 - 0.000,120.00 , 265.00 , 0.000,0,230
405,2861,2861,Hair care,Hair Clip 2861,75.00 - 175.00 - 0.000,75.00 , 175.00 , 0.000,0,130
406,2862,2862,Hair care,Hair Clip 2862,70.00 - 165.00 - 3.000,70.00 , 165.00 , 3.000,3,100
2726,2863,2863,Other,Qianbohan Ladies Purse,500.00 - 895.00 - 0.000,500.00 , 895.00 , 0.000,0,750
407,2865,2865,Hair care,Hair Pins Shenghua,10.00 - 20.00 - 49.000,10.00 , 20.00 , 49.000,49,20
2173,2866,2866,Jewlery,Bracelet Fashion Jewlery,120.00 - 295.00 - 0.000,120.00 , 295.00 , 0.000,0,260
2578,2867,2867,Bags &,Hand Bag Victoria,1005.00 - 1950.00 - 1.000,1005.00 , 1950.00 , 1.000,1,1500
408,2868,2868,Hair care,Hair Clip 2868,125.00 - 265.00 - 0.000,125.00 , 265.00 , 0.000,0,230
409,2869,2869,Hair care,Hair Clip 2869,125.00 - 285.00 - 0.000,125.00 , 285.00 , 0.000,0,230
410,2870,2870,Hair care,Hair Clip 2870,125.00 - 325.00 - 0.000,125.00 , 325.00 , 0.000,0,230
411,2871,2871,Hair care,Hair Band 2871,60.00 - 145.00 - 0.000,60.00 , 145.00 , 0.000,0,110
412,2872,2872,Hair care,Hair Clip 2872,150.00 - 365.00 - 0.000,150.00 , 365.00 , 0.000,0,300
413,2873,2873,Hair care,Hair Band J.P,35.00 - 75.00 - 12.000,35.00 , 75.00 , 12.000,12,60
2016,2874,2874,Makeup,Shweta Sticker Kumkum,10.00 - 20.00 - 103.000,10.00 , 20.00 , 103.000,103,20
415,2876,2876,Hair care,Hair Band Montana,80.00 - 165.00 - 6.000,80.00 , 165.00 , 6.000,6,130
416,2877,2877,Hair care,Hair clip 2877,125.00 - 265.00 - 2.000,125.00 , 265.00 , 2.000,2,230
417,2878,2878,Hair care,Hair Clip 2878,150.00 - 365.00 - 6.000,150.00 , 365.00 , 6.000,6,250
418,2879,2879,Hair care,Hair Clip 2879,50.00 - 125.00 - 0.000,50.00 , 125.00 , 0.000,0,100
419,2880,2880,Hair care,Hair Band 2880,65.00 - 165.00 - 4.000,65.00 , 165.00 , 4.000,4,130
420,2881,2881,Hair care,Hair Band 2881,80.00 - 225.00 - 1.000,80.00 , 225.00 , 1.000,1,180
421,2882,2882,Hair care,Hair Clip 2882,60.00 - 80.00 - 7.000,60.00 , 80.00 , 7.000,7,70
422,2883,2883,Hair care,Hair Clip 2883,70.00 - 150.00 - 0.000,70.00 , 150.00 , 0.000,0,120
423,2884,2884,Hair care,Hair Clip 2884,100.00 - 225.00 - 7.000,100.00 , 225.00 , 7.000,7,180
545,4522,2885,Hair care,Hair Clip 1Pair,35.00 - 75.00 - 3.000,35.00 , 75.00 , 3.000,3,70
424,2886,2886,Hair care,Hair Band 2886,80.00 - 165.00 - 0.000,80.00 , 165.00 , 0.000,0,130
425,2887,2887,Hair care,Hair Band 2887,70.00 - 140.00 - 6.000,70.00 , 140.00 , 6.000,6,120
426,2888,2888,Hair care,Hair Care 2888,50.00 - 120.00 - 2.000,50.00 , 120.00 , 2.000,2,100
427,2889,2889,Hair care,Hair Care 2889,56.00 - 100.00 - 1.000,56.00 , 100.00 , 1.000,1,80
433,2895,2895,Hair care,Parachute Aloe Vera H Oil,102.00 - 150.00 - 2.000,102.00 , 150.00 , 2.000,2,150
3962,1848,2899,Watch &,Dash Doros Sport Watch,1000.00 - 2190.00 - 1.000,1000.00 , 2190.00 , 1.000,1,1700
3713,2438,2902,Ladies &,Watches Gents s/t,950.00 - 2150.00 - 0.000,950.00 , 2150.00 , 0.000,0,1500
434,2907,2907,Hair care,Hair Bool 2907,70.00 - 150.00 - 6.000,70.00 , 150.00 , 6.000,6,125
435,2908,2908,Hair care,Hair Bool 2908,80.00 - 140.00 - 4.000,80.00 , 140.00 , 4.000,4,130
436,2910,2910,Hair care,Hair Bool 2910,75.00 - 165.00 - 4.000,75.00 , 165.00 , 4.000,4,130
437,2911,2911,Hair care,Hair Bool 2911,100.00 - 225.00 - 3.000,100.00 , 225.00 , 3.000,3,180
438,2912,2912,Hair care,Hair Bool 2912,30.00 - 60.00 - 0.000,30.00 , 60.00 , 0.000,0,50
439,2913,2913,Hair care,Hair Bool 2913,50.00 - 100.00 - 2.000,50.00 , 100.00 , 2.000,2,80
440,2914,2914,Hair care,Hair Bool 2914,15.00 - 30.00 - 0.000,15.00 , 30.00 , 0.000,0,30
2727,2915,2915,Other,Chain Keytag 2915,100.00 - 235.00 - 3.000,100.00 , 235.00 , 3.000,3,200
2728,2916,2916,Other,Keytag 2916,70.00 - 150.00 - 5.000,70.00 , 150.00 , 5.000,5,120
2729,2917,2917,Other,Keytag 2917,50.00 - 100.00 - 8.000,50.00 , 100.00 , 8.000,8,80
2730,2918,2918,Other,Keytag 2918,40.00 - 85.00 - 6.000,40.00 , 85.00 , 6.000,6,70
2731,2919,2919,Other,Keytag 2919,75.00 - 150.00 - 0.000,75.00 , 150.00 , 0.000,0,130
2732,2920,2920,Other,Keytag 2920,30.00 - 60.00 - 2.000,30.00 , 60.00 , 2.000,2,50
3819,2921,2921,Party items,New Huaao Balloon,7.00 - 20.00 - 1206.000,7.00 , 20.00 , 1206.000,1206,20
3820,2922,2922,Party items,Foil Balloon Number05,70.00 - 165.00 - 2.000,70.00 , 165.00 , 2.000,2,120
3821,2923,2923,Party items,Party Popper Small,200.00 - 565.00 - 5.000,200.00 , 565.00 , 5.000,5,350
3822,2924,2924,Party items,Party Popper Big,490.00 - 695.00 - 2.000,490.00 , 695.00 , 2.000,2,550
441,2926,2926,Hair care,Back Comb 2926,100.00 - 225.00 - 3.000,100.00 , 225.00 , 3.000,3,170
442,2927,2927,Hair care,Dye Brush 2927,40.00 - 100.00 - 4.000,40.00 , 100.00 , 4.000,4,80
443,2928,2928,Hair care,Dye Brush 2928,65.00 - 140.00 - 11.000,65.00 , 140.00 , 11.000,11,100
444,2929,2929,Hair care,Dye Brush & Comb 2929,60.00 - 150.00 - 5.000,60.00 , 150.00 , 5.000,5,90
445,2930,2930,Hair care,Saloon Hair Brush 2930,350.00 - 695.00 - 1.000,350.00 , 695.00 , 1.000,1,500
3595,1852,2930,Ladies &,Digital K-Sport Watch,800.00 - 1790.00 - 0.000,800.00 , 1790.00 , 0.000,0,190
447,2933,2933,Hair care,Comb 2933,250.00 - 595.00 - 0.000,250.00 , 595.00 , 0.000,0,450
448,2934,2934,Hair care,Mirror Comb 2934,75.00 - 165.00 - 3.000,75.00 , 165.00 , 3.000,3,100
449,2935,2935,Hair care,Comb 2935,100.00 - 285.00 - 0.000,100.00 , 285.00 , 0.000,0,200
1328,2936,2936,Skin care,Fish Stone 2936,100.00 - 225.00 - 1.000,100.00 , 225.00 , 1.000,1,170
1329,2937,2937,Skin care,Yarong Super Makeup Tools,200.00 - 495.00 - 2.000,200.00 , 495.00 , 2.000,2,350
450,2938,2938,Hair care,Comb England 2938,150.00 - 265.00 - 10.000,150.00 , 265.00 , 10.000,10,200
451,2939,2939,Hair care,Die set 2939,450.00 - 965.00 - 0.000,450.00 , 965.00 , 0.000,0,850
1330,2940,2940,Skin care,Maxine Beauty Set 2940,230.00 - 495.00 - 2.000,230.00 , 495.00 , 2.000,2,350
1331,2941,2941,Skin care,Maxine Beauty Set 2941,250.00 - 565.00 - 6.000,250.00 , 565.00 , 6.000,6,400
1332,2942,2942,Skin care,Maxine Nail Cutter Set 2942,400.00 - 695.00 - 1.000,400.00 , 695.00 , 1.000,1,550
1333,2943,2943,Skin care,Mac Makeup Brush Set,450.00 - 895.00 - 3.000,450.00 , 895.00 , 3.000,3,700
1334,2944,2944,Skin care,Huda Beauty Makeup Brush,1200.00 - 1985.00 - 1.000,1200.00 , 1985.00 , 1.000,1,1500
1335,2945,2945,Skin care,Maxine Padicure Beauty Set,400.00 - 795.00 - 7.000,400.00 , 795.00 , 7.000,7,600
1336,2946,2946,Skin care,Maxine Beauty Set 2946 XL,550.00 - 1100.00 - 0.000,550.00 , 1100.00 , 0.000,0,800
1337,2947,2947,Skin care,Maxine Beauty Set 2947,350.00 - 695.00 - 6.000,350.00 , 695.00 , 6.000,6,500
1338,2948,2948,Skin care,Mehandhi Blocks,125.00 - 285.00 - 21.000,125.00 , 285.00 , 21.000,21,200
452,2949,2949,Hair care,Hair Bun 2949,180.00 - 395.00 - 3.000,180.00 , 395.00 , 3.000,3,250
3727,2455,2950,Ladies &,Citizen Ladies Watche,2200.00 - 3950.00 - 0.000,2200.00 , 3950.00 , 0.000,0,700
455,2952,2952,Hair care,Yarong Eyebrow Tools,600.00 - 1185.00 - 3.000,600.00 , 1185.00 , 3.000,3,850
2017,2956,2956,Makeup,Magic Sponge,225.00 - 495.00 - 8.000,225.00 , 495.00 , 8.000,8,400
2736,2961,2961,Other,Flower Rose Scissors,50.00 - 100.00 - 7.000,50.00 , 100.00 , 7.000,7,80
2174,2962,2962,Jewlery,Hand Belt 2962,75.00 - 165.00 - 3.000,75.00 , 165.00 , 3.000,3,140
2175,2963,2963,Jewlery,Hand Belt 2963,100.00 - 295.00 - 3.000,100.00 , 295.00 , 3.000,3,200
2176,2964,2964,Jewlery,Hand Belt 2964,200.00 - 465.00 - 0.000,200.00 , 465.00 , 0.000,0,400
2177,2965,2965,Jewlery,Hand belt 2965,100.00 - 225.00 - 19.000,100.00 , 225.00 , 19.000,19,170
2178,2966,2966,Jewlery,Hand Belt 2966,110.00 - 265.00 - 0.000,110.00 , 265.00 , 0.000,0,230
2179,2967,2967,Jewlery,Hand Belt 2967,110.00 - 235.00 - 5.000,110.00 , 235.00 , 5.000,5,170
2180,2968,2968,Jewlery,Silver Ladies Chain 2968,150.00 - 395.00 - 10.000,150.00 , 395.00 , 10.000,10,250
2181,2969,2969,Jewlery,Chain Stainless Steel 2969,200.00 - 465.00 - 1.000,200.00 , 465.00 , 1.000,1,400
2182,2970,2970,Jewlery,Chain Stainless Steel 2970,560.00 - 985.00 - 0.000,560.00 , 985.00 , 0.000,0,880
2183,2971,2971,Jewlery,Ladies Silver Chain 2971,350.00 - 795.00 - 1.000,350.00 , 795.00 , 1.000,1,600
2184,2972,2972,Jewlery,Hand Ring 2972,180.00 - 465.00 - 3.000,180.00 , 465.00 , 3.000,3,300
2185,2973,2973,Jewlery,Saree Pin Fashion Jewelry,180.00 - 385.00 - 3.000,180.00 , 385.00 , 3.000,3,250
2186,2974,2974,Jewlery,Saree Pin Fashion Jewlery,180.00 - 375.00 - 3.000,180.00 , 375.00 , 3.000,3,250
2187,2975,2975,Jewlery,Mondiyal Bangle 2975,120.00 - 295.00 - 1.000,120.00 , 295.00 , 1.000,1,200
2188,2976,2976,Jewlery,Saree Pin,70.00 - 165.00 - 21.000,70.00 , 165.00 , 21.000,21,120
3823,2977,2977,Party items,HB Foil Balloon Silver Color,300.00 - 695.00 - 3.000,300.00 , 695.00 , 3.000,3,500
3824,2978,2978,Party items,HB Foil Balloon Black Color,300.00 - 695.00 - 1.000,300.00 , 695.00 , 1.000,1,500
3825,2979,2979,Party items,Foil Fringe Curtain Blue,180.00 - 545.00 - 3.000,180.00 , 545.00 , 3.000,3,350
2189,2980,2980,Jewlery,Saree Pin 2980,100.00 - 265.00 - 1.000,100.00 , 265.00 , 1.000,1,180
2190,2981,2981,Jewlery,Saree Pin 2981,75.00 - 165.00 - 34.000,75.00 , 165.00 , 34.000,34,100
2191,2982,2982,Jewlery,Saree Pin 2982,65.00 - 145.00 - 6.000,65.00 , 145.00 , 6.000,6,90
2192,2983,2983,Jewlery,Saree Pin 2983,90.00 - 225.00 - 1.000,90.00 , 225.00 , 1.000,1,150
2193,2984,2984,Jewlery,Saree Pin 2984,180.00 - 385.00 - 4.000,180.00 , 385.00 , 4.000,4,250
2194,2985,2985,Jewlery,Saree Pin 2985,15.00 - 30.00 - 4.000,15.00 , 30.00 , 4.000,4,30
2195,2986,2986,Jewlery,Glue Stick Large,40.00 - 80.00 - 5.000,40.00 , 80.00 , 5.000,5,80
2738,2991,2991,Other,Tattoo Hand Socks,150.00 - 395.00 - 5.000,150.00 , 395.00 , 5.000,5,280
2739,2992,2992,Other,Globe Sports Hand Socks,350.00 - 675.00 - 2.000,350.00 , 675.00 , 2.000,2,500
2742,2997,2997,Other,Stockings Socks,100.00 - 265.00 - 12.000,100.00 , 265.00 , 12.000,12,200
461,2998,2998,Hair care,Max Hair Net,10.00 - 25.00 - 42.000,10.00 , 25.00 , 42.000,42,25
2196,2999,2999,Jewlery,Chain 2999,70.00 - 165.00 - 7.000,70.00 , 165.00 , 7.000,7,100
2197,3000,3000,Jewlery,Leg Chain 3000,150.00 - 365.00 - 1.000,150.00 , 365.00 , 1.000,1,250
2198,3001,3001,Jewlery,Leg Chain 3001,200.00 - 465.00 - 0.000,200.00 , 465.00 , 0.000,0,400
2199,3002,3002,Jewlery,Bracelet 3002,300.00 - 565.00 - 1.000,300.00 , 565.00 , 1.000,1,400
2200,3003,3003,Jewlery,Head Chain 3003,150.00 - 365.00 - 2.000,150.00 , 365.00 , 2.000,2,250
2201,3004,3004,Jewlery,Leg Chain 3004,130.00 - 365.00 - 7.000,130.00 , 365.00 , 7.000,7,250
2202,3005,3005,Jewlery,Head Chain 3005,130.00 - 345.00 - 5.000,130.00 , 345.00 , 5.000,5,230
2203,3006,3006,Jewlery,Head Chain 3006,100.00 - 265.00 - 2.000,100.00 , 265.00 , 2.000,2,200
2204,3007,3007,Jewlery,Heasd Chain 3007,75.00 - 165.00 - 5.000,75.00 , 165.00 , 5.000,5,120
2161,2434,3008,Jewlery,Watches L 045,200.00 - 495.00 - 13.000,200.00 , 495.00 , 13.000,13,350
2205,3008,3008,Jewlery,Diana Chain 3008,200.00 - 495.00 - 51.000,200.00 , 495.00 , 51.000,51,350
2206,3009,3009,Jewlery,Diana Chain 3009,125.00 - 295.00 - 16.000,125.00 , 295.00 , 16.000,16,200
2207,3010,3010,Jewlery,Sona Gold Nx,400.00 - 795.00 - 22.000,400.00 , 795.00 , 22.000,22,600
2208,3011,3011,Jewlery,Head Chain 3011,250.00 - 595.00 - 1.000,250.00 , 595.00 , 1.000,1,400
1341,3012,3012,Skin care,Nail Sticker,50.00 - 100.00 - 2.000,50.00 , 100.00 , 2.000,2,80
2209,3013,3013,Jewlery,Passion 4 Fashion Chain,280.00 - 595.00 - 9.000,280.00 , 595.00 , 9.000,9,400
2210,3014,3014,Jewlery,Diana Chain 3014,300.00 - 795.00 - 14.000,300.00 , 795.00 , 14.000,14,550
3826,3015,3015,Party items,Birthday Banner 3015,300.00 - 595.00 - 0.000,300.00 , 595.00 , 0.000,0,450
3827,3016,3016,Party items,Birthday Hat Small,50.00 - 100.00 - 36.000,50.00 , 100.00 , 36.000,36,100
3828,3017,3017,Party items,Birthday Candles Small,30.00 - 100.00 - 30.000,30.00 , 100.00 , 30.000,30,100
3829,3018,3018,Party items,Birthday hat 3018,130.00 - 295.00 - 9.000,130.00 , 295.00 , 9.000,9,180
3830,3019,3019,Party items,Color Smoke,600.00 - 1150.00 - 0.000,600.00 , 1150.00 , 0.000,0,1000
2211,3020,3020,Jewlery,Diana Chain 3020,500.00 - 1295.00 - 17.000,500.00 , 1295.00 , 17.000,17,850
2212,3021,3021,Jewlery,Diana Chain 3021,200.00 - 565.00 - 6.000,200.00 , 565.00 , 6.000,6,400
2213,3022,3022,Jewlery,Diana Chain 3022,250.00 - 665.00 - 5.000,250.00 , 665.00 , 5.000,5,500
2214,3023,3023,Jewlery,Diana Chain 3023,75.00 - 185.00 - 11.000,75.00 , 185.00 , 11.000,11,125
2215,3024,3024,Jewlery,Leg Chain 3024,210.00 - 485.00 - 2.000,210.00 , 485.00 , 2.000,2,350
2216,3025,3025,Jewlery,Leg Chain 3025,230.00 - 465.00 - 0.000,230.00 , 465.00 , 0.000,0,400
2217,3026,3026,Jewlery,Pendon 3026,100.00 - 295.00 - 52.000,100.00 , 295.00 , 52.000,52,200
2218,3027,3027,Jewlery,Pendon 3027,250.00 - 595.00 - 16.000,250.00 , 595.00 , 16.000,16,400
2219,3028,3028,Jewlery,Pendon 3028,300.00 - 785.00 - 6.000,300.00 , 785.00 , 6.000,6,580
2220,3029,3029,Jewlery,Pendon 3029,150.00 - 365.00 - 35.000,150.00 , 365.00 , 35.000,35,250
2221,3030,3030,Jewlery,Pendon 3030,500.00 - 1150.00 - 5.000,500.00 , 1150.00 , 5.000,5,800
2222,3031,3031,Jewlery,Pendon 3031,200.00 - 485.00 - 17.000,200.00 , 485.00 , 17.000,17,300
2223,3032,3032,Jewlery,Pendon 3032,300.00 - 795.00 - 14.000,300.00 , 795.00 , 14.000,14,550
2224,3042,3042,Jewlery,Chain 3042,600.00 - 1695.00 - 100.000,600.00 , 1695.00 , 100.000,100,1200
2225,3043,3043,Jewlery,Bracelet 3043,250.00 - 565.00 - 0.000,250.00 , 565.00 , 0.000,0,500
2226,3044,3044,Jewlery,Bracelet 3044,280.00 - 595.00 - 15.000,280.00 , 595.00 , 15.000,15,400
2227,3045,3045,Jewlery,Bracelet 3045,150.00 - 365.00 - 0.000,150.00 , 365.00 , 0.000,0,300
2228,3046,3046,Jewlery,Chain 3046,200.00 - 495.00 - 0.000,200.00 , 495.00 , 0.000,0,400
2229,3047,3047,Jewlery,Chain 3047,300.00 - 795.00 - 21.000,300.00 , 795.00 , 21.000,21,700
2230,3048,3048,Jewlery,Chain 3048,600.00 - 1390.00 - 18.000,600.00 , 1390.00 , 18.000,18,900
2231,3049,3049,Jewlery,Chain 3049,150.00 - 365.00 - 2.000,150.00 , 365.00 , 2.000,2,250
2232,3050,3050,Jewlery,Chain 3050,500.00 - 1395.00 - 54.000,500.00 , 1395.00 , 54.000,54,900
2233,3051,3051,Jewlery,Chain 3051,75.00 - 215.00 - 0.000,75.00 , 215.00 , 0.000,0,180
2234,3052,3052,Jewlery,Silver Ladies Chain 3052,120.00 - 395.00 - 1.000,120.00 , 395.00 , 1.000,1,250
2235,3053,3053,Jewlery,Gold Bracelet 3053,150.00 - 395.00 - 15.000,150.00 , 395.00 , 15.000,15,250
1352,3057,3057,Skin care,Carotone Face Wash 125,500.00 - 1150.00 - 8.000,500.00 , 1150.00 , 8.000,8,900
3834,3065,3065,Party items,B candles Medium,50.00 - 140.00 - 29.000,50.00 , 140.00 , 29.000,29,100
3835,3066,3066,Party items,B Candles Large,60.00 - 170.00 - 13.000,60.00 , 170.00 , 13.000,13,130
3838,3069,3069,Party items,birthday Balloons 3069,10.00 - 15.00 - 1538.000,10.00 , 15.00 , 1538.000,1538,15
3839,3070,3070,Party items,BirthDay Balloons Big 3070,15.00 - 30.00 - 190.000,15.00 , 30.00 , 190.000,190,30
3840,3071,3071,Party items,Balloon 3071,5.00 - 10.00 - 0.000,5.00 , 10.00 , 0.000,0,10
2236,3072,3072,Jewlery,Chain 3072,250.00 - 595.00 - 3.000,250.00 , 595.00 , 3.000,3,400
2237,3073,3073,Jewlery,Saree Avadi 3073,150.00 - 395.00 - 5.000,150.00 , 395.00 , 5.000,5,300
2238,3074,3074,Jewlery,Perl Chain 3074,60.00 - 165.00 - 7.000,60.00 , 165.00 , 7.000,7,120
2239,3075,3075,Jewlery,Perl Chain 3075,75.00 - 165.00 - 32.000,75.00 , 165.00 , 32.000,32,125
3063,3076,3076,Baby Items,Apple Safty Pin,75.00 - 165.00 - 11.000,75.00 , 165.00 , 11.000,11,120
2240,3077,3077,Jewlery,Shanthi Kukum Bindi,10.00 - 20.00 - 75.000,10.00 , 20.00 , 75.000,75,20
2241,3078,3078,Jewlery,Sajani Kukum Bindi,20.00 - 50.00 - 31.000,20.00 , 50.00 , 31.000,31,40
2242,3079,3079,Jewlery,Shruthi Kukum Bindi,30.00 - 60.00 - 35.000,30.00 , 60.00 , 35.000,35,50
3841,3080,3080,Party items,Birthday crap pati 3080,16.00 - 30.00 - 0.000,16.00 , 30.00 , 0.000,0,30
3843,3084,3084,Party items,BirthDay Hat 3084,150.00 - 365.00 - 6.000,150.00 , 365.00 , 6.000,6,250
3844,3085,3085,Party items,Birthday Hat 3085,70.00 - 185.00 - 1.000,70.00 , 185.00 , 1.000,1,120
3845,3086,3086,Party items,BirthDay Hat 3086,20.00 - 50.00 - 26.000,20.00 , 50.00 , 26.000,26,50
462,3087,3087,Hair care,Hair Net 3087,35.00 - 75.00 - 90.000,35.00 , 75.00 , 90.000,90,65
2743,3088,3088,Other,Handkerchief 3088,150.00 - 360.00 - 0.000,150.00 , 360.00 , 0.000,0,265
2243,3089,3089,Jewlery,Plastic Bangels 3089,150.00 - 365.00 - 5.000,150.00 , 365.00 , 5.000,5,200
1357,3090,3090,Skin care,Topaz Saubhagya Kumkum,50.00 - 165.00 - 14.000,50.00 , 165.00 , 14.000,14,125
2744,3092,3092,Other,Three Five Nail Cutter,100.00 - 265.00 - 0.000,100.00 , 265.00 , 0.000,0,220
2244,3093,3093,Jewlery,King Of Pola Bangle,20.00 - 50.00 - 14.000,20.00 , 50.00 , 14.000,14,40
2245,3094,3094,Jewlery,AB Arbuda Bangles,120.00 - 220.00 - 58.000,120.00 , 220.00 , 58.000,58,170
1359,3095,3095,Skin care,Rathi Maha Kumkum,50.00 - 100.00 - 17.000,50.00 , 100.00 , 17.000,17,80
2745,3096,3096,Other,Hand Rubber Band 3096,25.00 - 50.00 - 30.000,25.00 , 50.00 , 30.000,30,50
2746,3097,3097,Other,Luvi Nail Cutter 3097,75.00 - 165.00 - 2.000,75.00 , 165.00 , 2.000,2,100
2246,3098,3098,Jewlery,Saree Avadi,100.00 - 295.00 - 2.000,100.00 , 295.00 , 2.000,2,200
2247,3099,3099,Jewlery,Saree Awadi 3099,200.00 - 495.00 - 1.000,200.00 , 495.00 , 1.000,1,350
2248,3100,3100,Jewlery,Saree pin 3100,400.00 - 895.00 - 4.000,400.00 , 895.00 , 4.000,4,700
3064,3103,3103,Baby Items,Nepkin Clip 3103,40.00 - 80.00 - 14.000,40.00 , 80.00 , 14.000,14,70
2747,3104,3104,Other,Luvi Nail Cutter 3104,50.00 - 125.00 - 1.000,50.00 , 125.00 , 1.000,1,100
2748,3105,3105,Other,Luvi Nail Clippers 3105,60.00 - 135.00 - 8.000,60.00 , 135.00 , 8.000,8,100
1360,3106,3106,Skin care,Suganda Kumkum,150.00 - 295.00 - 9.000,150.00 , 295.00 , 9.000,9,200
2749,3107,3107,Other,Copuram Temeric Powder,150.00 - 290.00 - 3.000,150.00 , 290.00 , 3.000,3,200
463,3108,3108,Hair care,Dulan Eye Liner,130.00 - 365.00 - 9.000,130.00 , 365.00 , 9.000,9,250
464,3109,3109,Hair care,Hair Band 3109,130.00 - 325.00 - 0.000,130.00 , 325.00 , 0.000,0,230
465,3110,3110,Hair care,Hair Band 3110,100.00 - 265.00 - 0.000,100.00 , 265.00 , 0.000,0,230
1361,3111,3111,Skin care,Sundaram Kumkum,40.00 - 85.00 - 5.000,40.00 , 85.00 , 5.000,5,80
466,3112,3112,Hair care,Crown Band 3112,70.00 - 165.00 - 0.000,70.00 , 165.00 , 0.000,0,130
2249,3113,3113,Jewlery,Silver Ladies Chain,100.00 - 265.00 - 9.000,100.00 , 265.00 , 9.000,9,170
1362,3114,3114,Skin care,Eyetex Kajal,25.00 - 60.00 - 30.000,25.00 , 60.00 , 30.000,30,50
1363,3115,3115,Skin care,Eyemax Medium Size,20.00 - 50.00 - 60.000,20.00 , 50.00 , 60.000,60,50
467,3116,3116,Hair care,Hair Pin 3116,60.00 - 135.00 - 2.000,60.00 , 135.00 , 2.000,2,100
468,3117,3117,Hair care,Earing 3117,20.00 - 80.00 - 6.000,20.00 , 80.00 , 6.000,6,50
469,3118,3118,Hair care,Panda Hair Band 3118,130.00 - 325.00 - 9.000,130.00 , 325.00 , 9.000,9,230
470,3119,3119,Hair care,Hair Bool Ornaments China,100.00 - 265.00 - 1.000,100.00 , 265.00 , 1.000,1,230
1364,3120,3120,Skin care,Go Colors Kumkum Bindi,40.00 - 85.00 - 1.000,40.00 , 85.00 , 1.000,1,80
471,3121,3121,Hair care,Hair Clip 3121,130.00 - 295.00 - 0.000,130.00 , 295.00 , 0.000,0,250
2750,3122,3122,Other,Hand Rubber Band 3122,10.00 - 20.00 - 10.000,10.00 , 20.00 , 10.000,10,20
472,3123,3123,Hair care,Hair Clips 3123,60.00 - 145.00 - 25.000,60.00 , 145.00 , 25.000,25,120
473,3124,3124,Hair care,Hair Clips 3124,35.00 - 75.00 - 21.000,35.00 , 75.00 , 21.000,21,70
474,3125,3125,Hair care,Hair Clips 3125,40.00 - 85.00 - 0.000,40.00 , 85.00 , 0.000,0,85
2751,3126,3126,Other,Safety Pin 3126,15.00 - 35.00 - 15.000,15.00 , 35.00 , 15.000,15,35
2250,3127,3127,Jewlery,Leg Chain 3127,200.00 - 385.00 - 19.000,200.00 , 385.00 , 19.000,19,280
2251,3128,3128,Jewlery,Meti 3128,100.00 - 265.00 - 23.000,100.00 , 265.00 , 23.000,23,170
2252,3129,3129,Jewlery,Hand Bracelet 3129,100.00 - 265.00 - 0.000,100.00 , 265.00 , 0.000,0,230
475,3130,3130,Hair care,Hair Pin 3130,30.00 - 60.00 - 16.000,30.00 , 60.00 , 16.000,16,60
476,3131,3131,Hair care,Hair Pin 3131,25.00 - 50.00 - 7.000,25.00 , 50.00 , 7.000,7,50
2253,3132,3132,Jewlery,Head Chain 3132,150.00 - 365.00 - 6.000,150.00 , 365.00 , 6.000,6,250
2254,3133,3133,Jewlery,Earing 3133,70.00 - 165.00 - 221.000,70.00 , 165.00 , 221.000,221,100
2255,3134,3134,Jewlery,Earing 3134,60.00 - 185.00 - 12.000,60.00 , 185.00 , 12.000,12,120
2256,3135,3135,Jewlery,Adidas Bracelet 3135,250.00 - 565.00 - 0.000,250.00 , 565.00 , 0.000,0,500
2257,3136,3136,Jewlery,Leg Chain 3136,150.00 - 365.00 - 8.000,150.00 , 365.00 , 8.000,8,250
477,3137,3137,Hair care,Hair Pin 3137,20.00 - 35.00 - 7.000,20.00 , 35.00 , 7.000,7,30
2258,3138,3138,Jewlery,Leg Chain 3138,150.00 - 325.00 - 4.000,150.00 , 325.00 , 4.000,4,225
2259,3139,3139,Jewlery,Earing 3139,40.00 - 165.00 - 0.000,40.00 , 165.00 , 0.000,0,125
2260,3140,3140,Jewlery,Earing 3140,100.00 - 225.00 - 0.000,100.00 , 225.00 , 0.000,0,200
2261,3141,3141,Jewlery,Earing 3141,120.00 - 285.00 - 0.000,120.00 , 285.00 , 0.000,0,250
2262,3142,3142,Jewlery,Gents Silver Chain 3142,180.00 - 395.00 - 6.000,180.00 , 395.00 , 6.000,6,250
2263,3143,3143,Jewlery,Bracelet 3143,30.00 - 110.00 - 15.000,30.00 , 110.00 , 15.000,15,80
2264,3144,3144,Jewlery,Earing 3144,40.00 - 165.00 - 0.000,40.00 , 165.00 , 0.000,0,125
2265,3145,3145,Jewlery,Earing 3145,50.00 - 150.00 - 0.000,50.00 , 150.00 , 0.000,0,125
2266,3146,3146,Jewlery,Chain 3146,300.00 - 595.00 - 0.000,300.00 , 595.00 , 0.000,0,500
2267,3147,3147,Jewlery,Chain 3147,150.00 - 395.00 - 0.000,150.00 , 395.00 , 0.000,0,300
2268,3148,3148,Jewlery,Couple Chain 2pcs,200.00 - 465.00 - 0.000,200.00 , 465.00 , 0.000,0,400
2019,3150,3150,Makeup,Bath Cap 3150,160.00 - 395.00 - 6.000,160.00 , 395.00 , 6.000,6,250
2022,3153,3153,Makeup,Nail Art Araj,60.00 - 150.00 - 8.000,60.00 , 150.00 , 8.000,8,125
2023,3154,3154,Makeup,Eye Eyelash Adhesive 7g,80.00 - 225.00 - 2.000,80.00 , 225.00 , 2.000,2,170
2025,3156,3156,Makeup,Terminator 3156,100.00 - 265.00 - 8.000,100.00 , 265.00 , 8.000,8,200
2026,3157,3157,Makeup,Solida Finest Hairnet,40.00 - 100.00 - 50.000,40.00 , 100.00 , 50.000,50,80
2028,3162,3162,Makeup,Miss Rose Powder 02,560.00 - 985.00 - 5.000,560.00 , 985.00 , 5.000,5,750
2029,3163,3163,Makeup,Charle Puff Compact,350.00 - 790.00 - 10.000,350.00 , 790.00 , 10.000,10,600
2036,3175,3175,Makeup,Eyeliner Pen 30H 3175,300.00 - 690.00 - 3.000,300.00 , 690.00 , 3.000,3,400
2037,3176,3176,Makeup,Volume Eyeliner Flash,300.00 - 565.00 - 1.000,300.00 , 565.00 , 1.000,1,400
479,3177,3177,Hair care,Hair Clip 3177,30.00 - 65.00 - 34.000,30.00 , 65.00 , 34.000,34,65
1879,3186,3186,Fragrance,Gold Energy Deo Spray,900.00 - 990.00 - 1.000,900.00 , 990.00 , 1.000,1,990
2040,3192,3192,Makeup,Jun Da Bronzer Brush,350.00 - 695.00 - 3.000,350.00 , 695.00 , 3.000,3,500
2042,3194,3194,Makeup,Junda Finish/ Perfected,310.00 - 645.00 - 0.000,310.00 , 645.00 , 0.000,0,550
2049,3201,3201,Makeup,Makeup Brush 3201,100.00 - 265.00 - 2.000,100.00 , 265.00 , 2.000,2,170
2050,3202,3202,Makeup,Yubi Beauty Head Cloth,100.00 - 265.00 - 12.000,100.00 , 265.00 , 12.000,12,200
3380,3203,3203,Kids Items,Jaa Jump Rope 3203,170.00 - 395.00 - 0.000,170.00 , 395.00 , 0.000,0,250
3382,3205,3205,Kids Items,Baby Bath Set 3205,350.00 - 595.00 - 2.000,350.00 , 595.00 , 2.000,2,450
3383,3206,3206,Kids Items,Spider Man 3206,100.00 - 265.00 - 0.000,100.00 , 265.00 , 0.000,0,200
3384,3207,3207,Kids Items,Elephant 3207,200.00 - 465.00 - 1.000,200.00 , 465.00 , 1.000,1,300
3385,3208,3208,Kids Items,Lion 3208,150.00 - 325.00 - 1.000,150.00 , 325.00 , 1.000,1,230
3386,3209,3209,Kids Items,Yong Barby Girl 3209,50.00 - 120.00 - 2.000,50.00 , 120.00 , 2.000,2,80
3387,3210,3210,Kids Items,Barby Girl 3210,100.00 - 265.00 - 0.000,100.00 , 265.00 , 0.000,0,220
3388,3211,3211,Kids Items,3211,20.00 - 50.00 - 20.000,20.00 , 50.00 , 20.000,20,50
3389,3212,3212,Kids Items,Small Car 3212,50.00 - 120.00 - 2.000,50.00 , 120.00 , 2.000,2,80
3390,3213,3213,Kids Items,Music whistle 3213,100.00 - 225.00 - 1.000,100.00 , 225.00 , 1.000,1,170
3391,3214,3214,Kids Items,Water Gun 3214,100.00 - 265.00 - 0.000,100.00 , 265.00 , 0.000,0,170
3392,3215,3215,Kids Items,Gun 3215,350.00 - 765.00 - 0.000,350.00 , 765.00 , 0.000,0,550
3393,3216,3216,Kids Items,Barby Girl 3216,200.00 - 465.00 - 0.000,200.00 , 465.00 , 0.000,0,400
3394,3217,3217,Kids Items,Barby Girl (Doctor) 3217,300.00 - 695.00 - 0.000,300.00 , 695.00 , 0.000,0,600
3395,3218,3218,Kids Items,Ben Ten Watch 3218,100.00 - 265.00 - 0.000,100.00 , 265.00 , 0.000,0,180
